match,mismatch,gap,pair,score,length,norm_score
1,-1,-1,Blue_vs_Pink,10894.975380147771,98,111.17321816477317
2,-1,-1,Blue_vs_Pink,10781.290867456326,104,103.6662583409262
1,-2,-1,Blue_vs_Pink,11576.551056026015,125,92.61240844820813
2,-2,-1,Blue_vs_Pink,11542.334407781638,125,92.3386752622531
1,-1,-2,Blue_vs_Pink,10720.468555235972,76,141.05879677942067
2,-1,-2,Blue_vs_Pink,10110.914309727652,81,124.82610258923027
1,-2,-2,Blue_vs_Pink,10711.594302862139,98,109.30198268226673
2,-2,-2,Blue_vs_Pink,10761.638920425217,97,110.94473113840431
1,-1,-1,Blue_vs_Turquoise,2689.80101466525,58,46.37587956319397
2,-1,-1,Blue_vs_Turquoise,2788.1998653170904,61,45.70819451339492
1,-2,-1,Blue_vs_Turquoise,2949.0570650297263,73,40.39804198670858
2,-2,-1,Blue_vs_Turquoise,2946.246117606022,72,40.9200849667503
1,-1,-2,Blue_vs_Turquoise,2809.877416114221,45,62.4417203580938
2,-1,-2,Blue_vs_Turquoise,2821.6283661548246,46,61.33974709032227
1,-2,-2,Blue_vs_Turquoise,2699.3014606367683,58,46.53968035580635
2,-2,-2,Blue_vs_Turquoise,2689.80101466525,58,46.37587956319397
1,-1,-1,Blue_vs_White,6702.071481341433,87,77.03530438323487
2,-1,-1,Blue_vs_White,6697.511339192623,92,72.799036295572
1,-2,-1,Blue_vs_White,7627.509128748294,118,64.63990787074825
2,-2,-1,Blue_vs_White,6891.417240238011,105,65.63254514512391
1,-1,-2,Blue_vs_White,6316.380452335067,80,78.95475565418835
2,-1,-2,Blue_vs_White,6212.581876815529,79,78.64027692171555
1,-2,-2,Blue_vs_White,6636.966133158793,83,79.96344738745533
2,-2,-2,Blue_vs_White,6714.555876106616,84,79.93518900126924
1,-1,-1,Blue_vs_Yellow,14227.793560292039,132,107.78631485069727
2,-1,-1,Blue_vs_Yellow,14268.620135987625,138,103.39579808686685
1,-2,-1,Blue_vs_Yellow,15006.080585849266,148,101.39243639087341
2,-2,-1,Blue_vs_Yellow,14569.371695465032,150,97.12914463643355
1,-1,-2,Blue_vs_Yellow,13698.646256129512,97,141.2231572796857
2,-1,-2,Blue_vs_Yellow,13812.130767762052,98,140.94010987512297
1,-2,-2,Blue_vs_Yellow,14348.330253800177,134,107.07709144626997
2,-2,-2,Blue_vs_Yellow,14460.608117011941,135,107.11561568156993
1,-1,-1,Blue_vs_Pale Blue,4910.903894160633,52,94.4404595030891
2,-1,-1,Blue_vs_Pale Blue,5389.324640364527,57,94.54955509411451
1,-2,-1,Blue_vs_Pale Blue,5294.93012661393,61,86.80213322317918
2,-2,-1,Blue_vs_Pale Blue,5575.9984956323815,67,83.22385814376689
1,-1,-2,Blue_vs_Pale Blue,4731.89048253199,48,98.58105171941645
2,-1,-2,Blue_vs_Pale Blue,4733.7189491810805,48,98.61914477460584
1,-2,-2,Blue_vs_Pale Blue,5045.301200367303,55,91.73274909758733
2,-2,-2,Blue_vs_Pale Blue,4910.903894160633,52,94.4404595030891
1,-1,-1,Blue_vs_Green,5274.33293627137,77,68.49783034118663
2,-1,-1,Blue_vs_Green,5381.855633779175,78,68.99814915101507
1,-2,-1,Blue_vs_Green,5393.588573570928,81,66.58751325396207
2,-2,-1,Blue_vs_Green,5403.4460592393425,82,65.89568364926028
1,-1,-2,Blue_vs_Green,4993.284755211346,68,73.43065816487274
2,-1,-2,Blue_vs_Green,4890.043804037055,63,77.61974292122311
1,-2,-2,Blue_vs_Green,5101.775014453125,76,67.12861861122532
2,-2,-2,Blue_vs_Green,5275.0690985676465,77,68.50739089048892
1,-1,-1,Blue_vs_Dark Pink,1772.7471991979296,78,22.727528194845252
2,-1,-1,Blue_vs_Dark Pink,1775.666637235116,79,22.476792876393873
1,-2,-1,Blue_vs_Dark Pink,1776.3428273981806,79,22.48535224554659
2,-2,-1,Blue_vs_Dark Pink,1812.0474585602321,81,22.370956278521383
1,-1,-2,Blue_vs_Dark Pink,1799.814256654082,74,24.32181427910922
2,-1,-2,Blue_vs_Dark Pink,1724.067276685658,74,23.29820644169808
1,-2,-2,Blue_vs_Dark Pink,1729.851486009372,78,22.177583153966307
2,-2,-2,Blue_vs_Dark Pink,1787.4669397201526,78,22.916242816925035
1,-1,-1,Blue_vs_Orange,8911.705823035476,89,100.1315261015222
2,-1,-1,Blue_vs_Orange,9054.356834651331,87,104.07306706495783
1,-2,-1,Blue_vs_Orange,9730.138854100473,110,88.45580776454975
2,-2,-1,Blue_vs_Orange,9411.878499635599,103,91.37746116151067
1,-1,-2,Blue_vs_Orange,8662.000964369101,70,123.74287091955858
2,-1,-2,Blue_vs_Orange,8686.106083143539,72,120.64036226588249
1,-2,-2,Blue_vs_Orange,9168.899438391141,86,106.6151097487342
2,-2,-2,Blue_vs_Orange,8911.48949284316,90,99.01654992047956
1,-1,-1,Blue_vs_Pale Green,2135.4121030774318,49,43.579838838314934
2,-1,-1,Blue_vs_Pale Green,2180.647472723056,50,43.61294945446112
1,-2,-1,Blue_vs_Pale Green,2134.3551561546346,49,43.558268492951726
2,-2,-1,Blue_vs_Pale Green,2197.297673876325,51,43.08426811522206
1,-1,-2,Blue_vs_Pale Green,2137.6211077508183,45,47.50269128335152
2,-1,-2,Blue_vs_Pale Green,2074.0014880984522,45,46.08892195774338
1,-2,-2,Blue_vs_Pale Green,2134.1254961559775,49,43.553581554203625
2,-2,-2,Blue_vs_Pale Green,2134.947682048265,49,43.570360858127856
1,-1,-1,Pink_vs_Turquoise,3985.5795227177086,82,48.604628325825715
2,-1,-1,Pink_vs_Turquoise,3948.0318074857564,83,47.56664828296092
1,-2,-1,Pink_vs_Turquoise,4262.8125586493625,102,41.79227998675846
2,-2,-1,Pink_vs_Turquoise,4242.791668914763,103,41.19215212538605
1,-1,-2,Pink_vs_Turquoise,4009.349516142739,71,56.46971149496816
2,-1,-2,Pink_vs_Turquoise,3932.2429424668585,74,53.138418141444035
1,-2,-2,Pink_vs_Turquoise,4152.622441908005,78,53.238749255230836
2,-2,-2,Pink_vs_Turquoise,3982.5952358753557,82,48.5682345838458
1,-1,-1,Pink_vs_White,7604.709181519912,94,80.90116150553098
2,-1,-1,Pink_vs_White,7935.672416801768,110,72.14247651637972
1,-2,-1,Pink_vs_White,7958.843701563488,114,69.81441843476745
2,-2,-1,Pink_vs_White,8047.607583457857,120,67.06339652881547
1,-1,-2,Pink_vs_White,7521.014954199887,80,94.01268692749859
2,-1,-2,Pink_vs_White,7425.158903560996,83,89.4597458260361
1,-2,-2,Pink_vs_White,8138.678125100675,104,78.25652043366034
2,-2,-2,Pink_vs_White,7645.946776430121,95,80.4836502782118
1,-1,-1,Pink_vs_Yellow,22521.789738154177,158,142.54297302629226
2,-1,-1,Pink_vs_Yellow,22992.82393806041,168,136.86204725035958
1,-2,-1,Pink_vs_Yellow,23254.808145771654,177,131.38309686876642
2,-2,-1,Pink_vs_Yellow,23688.824859371052,180,131.6045825520614
1,-1,-2,Pink_vs_Yellow,21631.85849856722,96,225.3318593600752
2,-1,-2,Pink_vs_Yellow,21640.397917619324,98,220.8203869144829
1,-2,-2,Pink_vs_Yellow,22427.003036801143,155,144.6903421729106
2,-2,-2,Pink_vs_Yellow,22527.083672358065,158,142.5764789389751
1,-1,-1,Pink_vs_Pale Blue,6776.741246371312,94,72.09299198267352
2,-1,-1,Pink_vs_Pale Blue,6715.262698021926,92,72.9919858480644
1,-2,-1,Pink_vs_Pale Blue,7639.279211252428,107,71.39513281544325
2,-2,-1,Pink_vs_Pale Blue,6944.841523400826,103,67.42564585826045
1,-1,-2,Pink_vs_Pale Blue,6718.734567935778,86,78.12482055739277
2,-1,-2,Pink_vs_Pale Blue,6624.0309138780185,84,78.85751087950023
1,-2,-2,Pink_vs_Pale Blue,6773.71673208995,91,74.43644760538406
2,-2,-2,Pink_vs_Pale Blue,6709.467781212806,92,72.92899762187832
1,-1,-1,Pink_vs_Green,8426.107288947707,91,92.59458559283195
2,-1,-1,Pink_vs_Green,8507.61947783793,98,86.81244365140745
1,-2,-1,Pink_vs_Green,8843.982526084988,107,82.65404229985971
2,-2,-1,Pink_vs_Green,8480.459529601594,103,82.3345585398213
1,-1,-2,Pink_vs_Green,8113.999023866141,77,105.37661069956027
2,-1,-2,Pink_vs_Green,8379.806562431328,78,107.43341746706831
1,-2,-2,Pink_vs_Green,8376.840509345213,89,94.12180347578891
2,-2,-2,Pink_vs_Green,8433.21701266168,93,90.67975282431914
1,-1,-1,Pink_vs_Dark Pink,2474.5850574414912,79,31.323861486601157
2,-1,-1,Pink_vs_Dark Pink,2515.4468658561414,87,28.913182366162545
1,-2,-1,Pink_vs_Dark Pink,2489.5177995913255,83,29.994190356521994
2,-2,-1,Pink_vs_Dark Pink,2534.1663948212426,89,28.473779717092615
1,-1,-2,Pink_vs_Dark Pink,2356.844783375268,71,33.194996948947434
2,-1,-2,Pink_vs_Dark Pink,2375.953597223272,74,32.10748104355773
1,-2,-2,Pink_vs_Dark Pink,2386.091842667552,78,30.59092105984041
2,-2,-2,Pink_vs_Dark Pink,2411.281973394088,78,30.913871453770355
1,-1,-1,Pink_vs_Orange,12562.184044034435,114,110.19459687749504
2,-1,-1,Pink_vs_Orange,12428.390085589976,117,106.22555628709381
1,-2,-1,Pink_vs_Orange,13062.794531447398,137,95.3488651930467
2,-2,-1,Pink_vs_Orange,13055.550017556772,135,96.70777790782795
1,-1,-2,Pink_vs_Orange,12190.537747283754,82,148.66509447907018
2,-1,-2,Pink_vs_Orange,12238.048192893251,85,143.97703756345
1,-2,-2,Pink_vs_Orange,12644.364605302248,109,116.00334500277292
2,-2,-2,Pink_vs_Orange,12490.911491771858,111,112.53073416010683
1,-1,-1,Pink_vs_Pale Green,3773.40960832028,85,44.39305421553271
2,-1,-1,Pink_vs_Pale Green,3820.395546419259,87,43.91259248757769
1,-2,-1,Pink_vs_Pale Green,3762.2314184126362,92,40.89381976535474
2,-2,-1,Pink_vs_Pale Green,3882.4543737722447,91,42.664333777716976
1,-1,-2,Pink_vs_Pale Green,3767.895203159614,78,48.30634875845659
2,-1,-2,Pink_vs_Pale Green,3627.4528091414236,77,47.10977674209641
1,-2,-2,Pink_vs_Pale Green,3845.2093364624043,81,47.471720203239556
2,-2,-2,Pink_vs_Pale Green,3815.5996334354923,86,44.36743759808712
1,-1,-1,Turquoise_vs_White,5022.475709120842,90,55.80528565689825
2,-1,-1,Turquoise_vs_White,5028.0137998261735,90,55.86681999806859
1,-2,-1,Turquoise_vs_White,5480.637957805985,109,50.28108218170628
2,-2,-1,Turquoise_vs_White,5486.730154332495,106,51.76160522955184
1,-1,-2,Turquoise_vs_White,4869.56738009637,77,63.24113480644636
2,-1,-2,Turquoise_vs_White,5055.347763987736,83,60.90780438539441
1,-2,-2,Turquoise_vs_White,4982.575894357467,85,58.618539933617264
2,-2,-2,Turquoise_vs_White,4941.173568683763,89,55.51880414251419
1,-1,-1,Turquoise_vs_Yellow,5144.463485793785,104,49.46599505570948
2,-1,-1,Turquoise_vs_Yellow,5190.780792124653,106,48.96963011438352
1,-2,-1,Turquoise_vs_Yellow,5204.163387537155,108,48.18669803275144
2,-2,-1,Turquoise_vs_Yellow,5566.537276985004,129,43.151451759573675
1,-1,-2,Turquoise_vs_Yellow,4935.99294653959,80,61.69991183174487
2,-1,-2,Turquoise_vs_Yellow,4803.3067411783395,82,58.57691147778463
1,-2,-2,Turquoise_vs_Yellow,5185.643443135247,102,50.839641599365166
2,-2,-2,Turquoise_vs_Yellow,5148.646352781881,104,49.506214930595014
1,-1,-1,Turquoise_vs_Pale Blue,3053.8045894539,48,63.62092894695625
2,-1,-1,Turquoise_vs_Pale Blue,3081.9673534874682,49,62.89729292831568
1,-2,-1,Turquoise_vs_Pale Blue,3098.923579396611,64,48.420680928072045
2,-2,-1,Turquoise_vs_Pale Blue,3480.755022413969,73,47.68157564950643
1,-1,-2,Turquoise_vs_Pale Blue,3046.831434261606,48,63.47565488045012
2,-1,-2,Turquoise_vs_Pale Blue,3025.174289973476,48,63.02446437444741
1,-2,-2,Turquoise_vs_Pale Blue,3050.436671754073,48,63.55076399487652
2,-2,-2,Turquoise_vs_Pale Blue,3050.436671754073,48,63.55076399487652
1,-1,-1,Turquoise_vs_Green,3277.7280259128256,70,46.82468608446894
2,-1,-1,Turquoise_vs_Green,3277.7280259128256,70,46.82468608446894
1,-2,-1,Turquoise_vs_Green,3364.744298776787,86,39.12493370670683
2,-2,-1,Turquoise_vs_Green,3364.744298776787,86,39.12493370670683
1,-1,-2,Turquoise_vs_Green,3268.763926766911,60,54.479398779448516
2,-1,-2,Turquoise_vs_Green,3236.6168052301286,61,53.0592918890185
1,-2,-2,Turquoise_vs_Green,3171.833771298028,69,45.968605381130835
2,-2,-2,Turquoise_vs_Green,3277.7280259128256,70,46.82468608446894
1,-1,-1,Turquoise_vs_Dark Pink,2412.974254783112,80,30.1621781847889
2,-1,-1,Turquoise_vs_Dark Pink,2367.051392552999,78,30.34681272503845
1,-2,-1,Turquoise_vs_Dark Pink,2430.6842185835176,82,29.642490470530703
2,-2,-1,Turquoise_vs_Dark Pink,2358.605078635091,79,29.855760489051786
1,-1,-2,Turquoise_vs_Dark Pink,2400.376625975234,74,32.4375219726383
2,-1,-2,Turquoise_vs_Dark Pink,2322.343810345741,74,31.383024464131637
1,-2,-2,Turquoise_vs_Dark Pink,2370.1887599335037,78,30.387035383762868
2,-2,-2,Turquoise_vs_Dark Pink,2381.590018676035,77,30.92974050228617
1,-1,-1,Turquoise_vs_Orange,3990.313752437627,73,54.66183222517297
2,-1,-1,Turquoise_vs_Orange,4085.353769619234,85,48.06298552493216
1,-2,-1,Turquoise_vs_Orange,4066.8395864084255,81,50.20789612849908
2,-2,-1,Turquoise_vs_Orange,4251.482498434972,88,48.31230111857922
1,-1,-2,Turquoise_vs_Orange,3860.855238961527,60,64.34758731602545
2,-1,-2,Turquoise_vs_Orange,3962.2384728557254,63,62.8926741723131
1,-2,-2,Turquoise_vs_Orange,3909.050283247823,72,54.29236504510865
2,-2,-2,Turquoise_vs_Orange,4026.057488532517,73,55.15147244565092
1,-1,-1,Turquoise_vs_Pale Green,2486.819891178875,47,52.91106151444415
2,-1,-1,Turquoise_vs_Pale Green,2589.0807039404403,53,48.85057931963095
1,-2,-1,Turquoise_vs_Pale Green,2616.880149584947,59,44.35390084042283
2,-2,-1,Turquoise_vs_Pale Green,2727.6753922736893,68,40.11287341578955
1,-1,-2,Turquoise_vs_Pale Green,2382.8735114348324,44,54.156216168973465
2,-1,-2,Turquoise_vs_Pale Green,2515.151755879215,44,57.1625399063458
1,-2,-2,Turquoise_vs_Pale Green,2514.2150082991893,49,51.31051037345284
2,-2,-2,Turquoise_vs_Pale Green,2473.7617472890142,47,52.633228665723706
1,-1,-1,White_vs_Yellow,10036.720436533442,110,91.24291305939492
2,-1,-1,White_vs_Yellow,10788.48376475272,141,76.5140692535654
1,-2,-1,White_vs_Yellow,10904.75424286582,160,68.15471401791137
2,-2,-1,White_vs_Yellow,11108.76056517581,170,65.34565038338711
1,-1,-2,White_vs_Yellow,9575.8990962176,85,112.65763642608941
2,-1,-2,White_vs_Yellow,9712.54664788791,86,112.93658892892918
1,-2,-2,White_vs_Yellow,10114.572575239557,112,90.30868370749604
2,-2,-2,White_vs_Yellow,10035.67815940449,110,91.23343781276809
1,-1,-1,White_vs_Pale Blue,6445.019456190056,83,77.65083682156694
2,-1,-1,White_vs_Pale Blue,6216.624825588168,84,74.00743839985914
1,-2,-1,White_vs_Pale Blue,6475.745621211317,106,61.09193982274827
2,-2,-1,White_vs_Pale Blue,6670.473824056266,101,66.0442952876858
1,-1,-2,White_vs_Pale Blue,6247.57028424427,79,79.08316815499076
2,-1,-2,White_vs_Pale Blue,6259.707903639797,79,79.23680890683288
1,-2,-2,White_vs_Pale Blue,6432.415954027509,84,76.5763804050894
2,-2,-2,White_vs_Pale Blue,6439.682430858969,84,76.66288608165439
1,-1,-1,White_vs_Green,7370.719134844047,103,71.5603799499422
2,-1,-1,White_vs_Green,7396.418015782556,104,71.11940399790919
1,-2,-1,White_vs_Green,7493.538222173354,118,63.50456120485894
2,-2,-1,White_vs_Green,7410.76533881134,113,65.58199414877292
1,-1,-2,White_vs_Green,6691.354118213328,79,84.70068504067504
2,-1,-2,White_vs_Green,6416.692124071137,77,83.33366394897581
1,-2,-2,White_vs_Green,7018.94828124223,90,77.98831423602478
2,-2,-2,White_vs_Green,6671.123333746505,87,76.6795785488104
1,-1,-1,White_vs_Dark Pink,2597.5816745972274,81,32.06890956292873
2,-1,-1,White_vs_Dark Pink,2565.5090753438058,79,32.47479842207349
1,-2,-1,White_vs_Dark Pink,2611.785123086722,83,31.467290639599057
2,-2,-1,White_vs_Dark Pink,2655.755369791074,83,31.997052648085226
1,-1,-2,White_vs_Dark Pink,2560.0992855558707,72,35.556934521609314
2,-1,-2,White_vs_Dark Pink,2543.4477177013177,75,33.91263623601757
1,-2,-2,White_vs_Dark Pink,2573.575895324339,78,32.99456276056845
2,-2,-2,White_vs_Dark Pink,2597.4849465564243,81,32.06771538958549
1,-1,-1,White_vs_Orange,8605.23631813879,92,93.5351773710738
2,-1,-1,White_vs_Orange,8950.136861426361,111,80.6318636164537
1,-2,-1,White_vs_Orange,9322.472724068943,125,74.57978179255154
2,-2,-1,White_vs_Orange,10209.556376358803,159,64.21104639219374
1,-1,-2,White_vs_Orange,8234.610049307455,79,104.23557024439818
2,-1,-2,White_vs_Orange,8331.118424070819,79,105.45719524140277
1,-2,-2,White_vs_Orange,8582.603265796239,88,97.52958256586635
2,-2,-2,White_vs_Orange,8634.284903996817,94,91.8540947233704
1,-1,-1,White_vs_Pale Green,4126.859178642011,80,51.585739733025136
2,-1,-1,White_vs_Pale Green,4099.73714531736,79,51.89540690275139
1,-2,-1,White_vs_Pale Green,4553.509992181939,94,48.44159566150999
2,-2,-1,White_vs_Pale Green,4532.526621421662,101,44.87650120219467
1,-1,-2,White_vs_Pale Green,4114.156443576129,74,55.59670869697472
2,-1,-2,White_vs_Pale Green,4133.605442838178,74,55.859533011326725
1,-2,-2,White_vs_Pale Green,4298.357885512816,74,58.085917371794814
2,-2,-2,White_vs_Pale Green,4073.2763236880464,78,52.22149132933393
1,-1,-1,Yellow_vs_Pale Blue,9068.82850051163,111,81.70115766226694
2,-1,-1,Yellow_vs_Pale Blue,9094.20983978711,112,81.19830214095634
1,-2,-1,Yellow_vs_Pale Blue,9702.907159423534,133,72.95418916859799
2,-2,-1,Yellow_vs_Pale Blue,9755.686480560518,132,73.90671576182211
1,-1,-2,Yellow_vs_Pale Blue,8618.245240601213,96,89.7733879229293
2,-1,-2,Yellow_vs_Pale Blue,8657.53058691587,96,90.18261028037364
1,-2,-2,Yellow_vs_Pale Blue,9062.930827850638,110,82.39028025318761
2,-2,-2,Yellow_vs_Pale Blue,9060.568436953263,111,81.62674267525462
1,-1,-1,Yellow_vs_Green,11872.519782287547,124,95.74612727651248
2,-1,-1,Yellow_vs_Green,11708.648508648357,142,82.4552711876645
1,-2,-1,Yellow_vs_Green,12313.010644725731,147,83.76197717500497
2,-2,-1,Yellow_vs_Green,11654.870449938073,147,79.284832992776
1,-1,-2,Yellow_vs_Green,11361.276347902933,96,118.34662862398888
2,-1,-2,Yellow_vs_Green,11343.846967970974,95,119.40891545232604
1,-2,-2,Yellow_vs_Green,11880.945939992322,124,95.8140801612284
2,-2,-2,Yellow_vs_Green,11845.912192271044,124,95.53154993766971
1,-1,-1,Yellow_vs_Dark Pink,3057.363138009905,97,31.519207608349536
2,-1,-1,Yellow_vs_Dark Pink,2742.2997864975437,78,35.15768957048133
1,-2,-1,Yellow_vs_Dark Pink,3278.0735712765104,128,25.609949775597737
2,-2,-1,Yellow_vs_Dark Pink,2816.423557358404,81,34.770661201955605
1,-1,-2,Yellow_vs_Dark Pink,2761.778537509118,70,39.45397910727311
2,-1,-2,Yellow_vs_Dark Pink,2727.126051875204,73,37.35789112157814
1,-2,-2,Yellow_vs_Dark Pink,3145.3185007101038,103,30.537072822428193
2,-2,-2,Yellow_vs_Dark Pink,3079.800667876163,95,32.41895439869646
1,-1,-1,Yellow_vs_Orange,15559.457742823031,142,109.57364607621854
2,-1,-1,Yellow_vs_Orange,15531.089101886853,140,110.93635072776324
1,-2,-1,Yellow_vs_Orange,16151.68896892825,177,91.25248005044209
2,-2,-1,Yellow_vs_Orange,15633.147412569655,163,95.90887983171568
1,-1,-2,Yellow_vs_Orange,14758.398671504705,91,162.18020518137038
2,-1,-2,Yellow_vs_Orange,14998.798717647986,108,138.87776590414802
1,-2,-2,Yellow_vs_Orange,15596.730486634899,141,110.61510983429007
2,-2,-2,Yellow_vs_Orange,15825.656898075318,146,108.39491026078986
1,-1,-1,Yellow_vs_Pale Green,5069.469242874275,93,54.51042196639005
2,-1,-1,Yellow_vs_Pale Green,4965.903481672856,95,52.27266822813533
1,-2,-1,Yellow_vs_Pale Green,5570.596072112318,121,46.03798406704395
2,-2,-1,Yellow_vs_Pale Green,5289.569800836399,113,46.81035221979114
1,-1,-2,Yellow_vs_Pale Green,4858.5423547608925,77,63.09795265923237
2,-1,-2,Yellow_vs_Pale Green,4783.198904632648,78,61.32306287990574
1,-2,-2,Yellow_vs_Pale Green,5071.318377510467,94,53.9501955054305
2,-2,-2,Yellow_vs_Pale Green,5045.5772630460015,94,53.676353862191505
1,-1,-1,Pale Blue_vs_Green,4364.697503415224,66,66.13178035477611
2,-1,-1,Pale Blue_vs_Green,4488.057064789032,71,63.212071335056784
1,-2,-1,Pale Blue_vs_Green,4606.638923113433,74,62.25187733937071
2,-2,-1,Pale Blue_vs_Green,4604.843506273594,74,62.22761494964317
1,-1,-2,Pale Blue_vs_Green,4314.980839610156,62,69.59646515500252
2,-1,-2,Pale Blue_vs_Green,4372.616618592721,62,70.52607449343098
1,-2,-2,Pale Blue_vs_Green,4424.283873768031,68,65.06299814364752
2,-2,-2,Pale Blue_vs_Green,4364.697503415224,66,66.13178035477611
1,-1,-1,Pale Blue_vs_Dark Pink,1789.1226925935512,77,23.235359644072094
2,-1,-1,Pale Blue_vs_Dark Pink,1779.7523321998617,78,22.81733759230592
1,-2,-1,Pale Blue_vs_Dark Pink,1789.9535408092572,83,21.565705310954908
2,-2,-1,Pale Blue_vs_Dark Pink,1777.7521250369334,81,21.9475570992214
1,-1,-2,Pale Blue_vs_Dark Pink,1791.0979252381171,76,23.567077963659436
2,-1,-2,Pale Blue_vs_Dark Pink,1798.8411473575463,77,23.361573342305796
1,-2,-2,Pale Blue_vs_Dark Pink,1768.7806834718815,77,22.97117770742703
2,-2,-2,Pale Blue_vs_Dark Pink,1743.7931472301368,79,22.07333097759667
1,-1,-1,Pale Blue_vs_Orange,6529.23190148074,81,80.60780125284865
2,-1,-1,Pale Blue_vs_Orange,6719.5281206396985,89,75.5003159622438
1,-2,-1,Pale Blue_vs_Orange,6906.927294402748,97,71.20543602477059
2,-2,-1,Pale Blue_vs_Orange,6603.429323449861,85,77.68740380529248
1,-1,-2,Pale Blue_vs_Orange,6269.136569241037,61,102.77273064329569
2,-1,-2,Pale Blue_vs_Orange,6292.1560673985605,63,99.87549313331048
1,-2,-2,Pale Blue_vs_Orange,6583.132942021302,79,83.33079673444686
2,-2,-2,Pale Blue_vs_Orange,6481.735059271909,79,82.04727923128999
1,-1,-1,Pale Blue_vs_Pale Green,2356.0774975652307,48,49.084947865942304
2,-1,-1,Pale Blue_vs_Pale Green,2362.711519515963,48,49.22315665658257
1,-2,-1,Pale Blue_vs_Pale Green,2320.1952010694117,49,47.35092247080432
2,-2,-1,Pale Blue_vs_Pale Green,2330.6999863807596,49,47.565305844505296
1,-1,-2,Pale Blue_vs_Pale Green,2358.567370715093,48,49.136820223231105
2,-1,-2,Pale Blue_vs_Pale Green,2384.696124322216,48,49.68116925671283
1,-2,-2,Pale Blue_vs_Pale Green,2360.2648539655283,48,49.172184457615174
2,-2,-2,Pale Blue_vs_Pale Green,2361.8935795087455,48,49.20611623976553
1,-1,-1,Green_vs_Dark Pink,1812.4210219129307,78,23.236166947601674
2,-1,-1,Green_vs_Dark Pink,1784.7419213670137,81,22.033850881074244
1,-2,-1,Green_vs_Dark Pink,1835.6601634060653,89,20.625395094450173
2,-2,-1,Green_vs_Dark Pink,1839.7235484046162,85,21.643806451819014
1,-1,-2,Green_vs_Dark Pink,1818.5408718496615,72,25.257512109023075
2,-1,-2,Green_vs_Dark Pink,1789.808121898438,76,23.55010686708471
1,-2,-2,Green_vs_Dark Pink,1765.59133690347,79,22.34925742915785
2,-2,-2,Green_vs_Dark Pink,1784.0433538200937,79,22.58282726354549
1,-1,-1,Green_vs_Orange,8108.373515967858,79,102.63763944263111
2,-1,-1,Green_vs_Orange,8562.894702000978,94,91.09462448937211
1,-2,-1,Green_vs_Orange,9087.180322436465,117,77.66820788407234
2,-2,-1,Green_vs_Orange,9071.354714787032,114,79.57328697181607
1,-1,-2,Green_vs_Orange,8097.556151800874,72,112.46605766390104
2,-1,-2,Green_vs_Orange,8123.7684516372365,74,109.78065475185454
1,-2,-2,Green_vs_Orange,8633.373756417119,91,94.8722390815068
2,-2,-2,Green_vs_Orange,8108.373515967858,79,102.63763944263111
1,-1,-1,Green_vs_Pale Green,2251.858632304644,64,35.18529112976006
2,-1,-1,Green_vs_Pale Green,2236.2839268363705,64,34.94193635681829
1,-2,-1,Green_vs_Pale Green,2255.088191926758,65,34.6936644911809
2,-2,-1,Green_vs_Pale Green,2247.988191308929,65,34.58443371244506
1,-1,-2,Green_vs_Pale Green,2255.2909217755823,61,36.971982324189874
2,-1,-2,Green_vs_Pale Green,2312.354826131673,62,37.29604558276892
1,-2,-2,Green_vs_Pale Green,2231.001903902462,63,35.41272863337241
2,-2,-2,Green_vs_Pale Green,2240.018223797814,64,35.00028474684084
1,-1,-1,Dark Pink_vs_Orange,2618.4247468612343,79,33.144617048876384
2,-1,-1,Dark Pink_vs_Orange,2632.0543565229646,83,31.71149827136102
1,-2,-1,Dark Pink_vs_Orange,2773.5230981817062,91,30.478275804194574
2,-2,-1,Dark Pink_vs_Orange,2611.550725324664,81,32.241366979316844
1,-1,-2,Dark Pink_vs_Orange,2568.573192910946,71,36.17708722409783
2,-1,-2,Dark Pink_vs_Orange,2569.1490494969153,76,33.80459275653836
1,-2,-2,Dark Pink_vs_Orange,2599.240402638529,83,31.316149429379866
2,-2,-2,Dark Pink_vs_Orange,2583.6492358719515,78,33.12370815220451
1,-1,-1,Dark Pink_vs_Pale Green,1729.0101444511242,79,21.886204360140812
2,-1,-1,Dark Pink_vs_Pale Green,1701.2743043158996,78,21.81120902969102
1,-2,-1,Dark Pink_vs_Pale Green,1747.4679036526045,79,22.119846881678537
2,-2,-1,Dark Pink_vs_Pale Green,1763.318397092663,81,21.769362927069913
1,-1,-2,Dark Pink_vs_Pale Green,1704.1274762646335,76,22.422729950850442
2,-1,-2,Dark Pink_vs_Pale Green,1704.7381449029065,77,22.139456427310474
1,-2,-2,Dark Pink_vs_Pale Green,1691.999455424499,78,21.6923007105705
2,-2,-2,Dark Pink_vs_Pale Green,1729.0317335627285,79,21.88647764003454
1,-1,-1,Orange_vs_Pale Green,3722.7435601711577,71,52.43300788973462
2,-1,-1,Orange_vs_Pale Green,3754.482969317559,73,51.43127355229532
1,-2,-1,Orange_vs_Pale Green,3870.583090731315,78,49.622860137580965
2,-2,-1,Orange_vs_Pale Green,3826.5809636458907,77,49.69585667072585
1,-1,-2,Orange_vs_Pale Green,3696.7384331893095,67,55.17520049536283
2,-1,-2,Orange_vs_Pale Green,3672.0190260025815,68,54.00027979415561
1,-2,-2,Orange_vs_Pale Green,3710.6076202565487,72,51.53621694800762
2,-2,-2,Orange_vs_Pale Green,3708.182491971073,72,51.50253461070935
1,-1,-1,Blue_vs_Pink,10719.865517687685,99,108.28146987563319
2,-1,-1,Blue_vs_Pink,10562.719665594232,102,103.55607515288462
1,-2,-1,Blue_vs_Pink,10884.024751195535,105,103.65737858281462
2,-2,-1,Blue_vs_Pink,10911.427208203613,108,101.03173340929271
1,-1,-2,Blue_vs_Pink,10029.936763594273,86,116.62717166970084
2,-1,-2,Blue_vs_Pink,10101.800283965547,90,112.24222537739497
1,-2,-2,Blue_vs_Pink,10701.18636118524,99,108.09279152712364
2,-2,-2,Blue_vs_Pink,10579.188750384017,102,103.71753676847075
1,-1,-1,Blue_vs_Turquoise,2896.8337118868208,56,51.72917342655037
2,-1,-1,Blue_vs_Turquoise,2899.8331657039453,58,49.99712354661975
1,-2,-1,Blue_vs_Turquoise,3111.973536979831,77,40.415240739997806
2,-2,-1,Blue_vs_Turquoise,3063.9210534761255,75,40.852280713015006
1,-1,-2,Blue_vs_Turquoise,2857.527314629859,46,62.12015901369259
2,-1,-2,Blue_vs_Turquoise,2914.977527987656,50,58.299550559753115
1,-2,-2,Blue_vs_Turquoise,3051.7035573943745,65,46.94928549837499
2,-2,-2,Blue_vs_Turquoise,2862.0995495186125,57,50.21227279857215
1,-1,-1,Blue_vs_White,6703.501048094336,86,77.94768660574809
2,-1,-1,Blue_vs_White,7006.684302671772,96,72.98629481949762
1,-2,-1,Blue_vs_White,7870.040038956087,121,65.04165321451312
2,-2,-1,Blue_vs_White,7263.953966443031,112,64.85673184324135
1,-1,-2,Blue_vs_White,6516.903231026117,80,81.46129038782647
2,-1,-2,Blue_vs_White,6579.078644618578,80,82.23848305773222
1,-2,-2,Blue_vs_White,6645.386540042682,86,77.27193651212421
2,-2,-2,Blue_vs_White,6749.667515400582,86,78.48450599303001
1,-1,-1,Blue_vs_Yellow,14007.197670773627,122,114.81309566207891
2,-1,-1,Blue_vs_Yellow,14133.90997002968,134,105.47694007484836
1,-2,-1,Blue_vs_Yellow,14709.362754551617,150,98.06241836367745
2,-2,-1,Blue_vs_Yellow,14796.042440991114,151,97.98703603305374
1,-1,-2,Blue_vs_Yellow,13371.35633799297,92,145.34082976079316
2,-1,-2,Blue_vs_Yellow,14426.52786523103,106,136.0993194833116
1,-2,-2,Blue_vs_Yellow,13987.157815829269,127,110.13510091204148
2,-2,-2,Blue_vs_Yellow,14211.347206803312,126,112.78846989526438
1,-1,-1,Blue_vs_Pale Blue,4716.30043708164,49,96.25102932819674
2,-1,-1,Blue_vs_Pale Blue,4786.965249733731,54,88.64750462469873
1,-2,-1,Blue_vs_Pale Blue,5004.229625315184,58,86.27982112612386
2,-2,-1,Blue_vs_Pale Blue,4887.076624612442,57,85.73818639670951
1,-1,-2,Blue_vs_Pale Blue,4614.865558672883,48,96.14303247235172
2,-1,-2,Blue_vs_Pale Blue,4602.7963574061605,48,95.89159077929502
1,-2,-2,Blue_vs_Pale Blue,4777.19729267184,52,91.8691787052277
2,-2,-2,Blue_vs_Pale Blue,4766.867735493501,52,91.67053337487502
1,-1,-1,Blue_vs_Green,5075.028800226544,77,65.90946493800706
2,-1,-1,Blue_vs_Green,5178.377059130501,79,65.54907669785445
1,-2,-1,Blue_vs_Green,5370.881135849533,81,66.30717451666091
2,-2,-1,Blue_vs_Green,5364.517886746849,81,66.22861588576357
1,-1,-2,Blue_vs_Green,5002.1501417070085,67,74.65895733891057
2,-1,-2,Blue_vs_Green,5086.045139290154,69,73.71079912014716
1,-2,-2,Blue_vs_Green,5097.908602444945,77,66.20660522655773
2,-2,-2,Blue_vs_Green,5075.028800226544,77,65.90946493800706
1,-1,-1,Blue_vs_Dark Pink,1814.0475990633004,78,23.257020500811542
2,-1,-1,Blue_vs_Dark Pink,1793.2896919205257,79,22.699869517981337
1,-2,-1,Blue_vs_Dark Pink,1800.1965026741846,79,22.78729750220487
2,-2,-1,Blue_vs_Dark Pink,1827.6496094500314,81,22.56357542530903
1,-1,-2,Blue_vs_Dark Pink,1805.623427585966,71,25.43131588149248
2,-1,-2,Blue_vs_Dark Pink,1755.7476571302116,74,23.726319690948806
1,-2,-2,Blue_vs_Dark Pink,1752.2884431638538,79,22.180866369162707
2,-2,-2,Blue_vs_Dark Pink,1791.861303720398,77,23.27092602234283
1,-1,-1,Blue_vs_Orange,9256.80686269689,91,101.72315233732847
2,-1,-1,Blue_vs_Orange,8961.301501494587,89,100.68878091566951
1,-2,-1,Blue_vs_Orange,9552.97976196659,109,87.64201616483109
2,-2,-1,Blue_vs_Orange,9707.752719932745,107,90.72666093395088
1,-1,-2,Blue_vs_Orange,8904.322048108652,72,123.6711395570646
2,-1,-2,Blue_vs_Orange,8796.42539961843,74,118.87061350835717
1,-2,-2,Blue_vs_Orange,8809.268708749007,84,104.87224653272627
2,-2,-2,Blue_vs_Orange,9092.0441045487,91,99.91257257745825
1,-1,-1,Blue_vs_Pale Green,2195.4173040041296,50,43.908346080082595
2,-1,-1,Blue_vs_Pale Green,2203.209937939591,50,44.06419875879182
1,-2,-1,Blue_vs_Pale Green,2176.9668545871514,52,41.864747203599066
2,-2,-1,Blue_vs_Pale Green,2176.0582585840107,51,42.667808991843344
1,-1,-2,Blue_vs_Pale Green,2142.70913286752,45,47.61575850816711
2,-1,-2,Blue_vs_Pale Green,2148.54135739674,45,47.74536349770533
1,-2,-2,Blue_vs_Pale Green,2217.7642213634613,49,45.26049431354003
2,-2,-2,Blue_vs_Pale Green,2198.8899184884253,50,43.97779836976851
1,-1,-1,Pink_vs_Turquoise,4079.622925809613,89,45.838459840557455
2,-1,-1,Pink_vs_Turquoise,4131.953167986899,92,44.9125344346402
1,-2,-1,Pink_vs_Turquoise,4196.405848748264,95,44.17269314471857
2,-2,-1,Pink_vs_Turquoise,4195.171185073042,95,44.15969668497939
1,-1,-2,Pink_vs_Turquoise,3988.3086814012963,74,53.89606326217968
2,-1,-2,Pink_vs_Turquoise,4097.535299555019,79,51.86753543740531
1,-2,-2,Pink_vs_Turquoise,4068.319916276332,87,46.762297888233704
2,-2,-2,Pink_vs_Turquoise,4079.622925809613,89,45.838459840557455
1,-1,-1,Pink_vs_White,7489.542521896163,97,77.2117785762491
2,-1,-1,Pink_vs_White,7629.888910206545,101,75.54345455650045
1,-2,-1,Pink_vs_White,8291.274214412862,126,65.80376360645128
2,-2,-1,Pink_vs_White,7755.268387746578,111,69.86728277249169
1,-1,-2,Pink_vs_White,7205.0804206659595,81,88.9516101316785
2,-1,-2,Pink_vs_White,7275.98864394617,88,82.68168913575192
1,-2,-2,Pink_vs_White,7744.876138938897,96,80.67579311394685
2,-2,-2,Pink_vs_White,7374.676809781044,95,77.62817694506361
1,-1,-1,Pink_vs_Yellow,22155.9767183265,158,140.2277007489019
2,-1,-1,Pink_vs_Yellow,22469.37365515168,172,130.6358933439051
1,-2,-1,Pink_vs_Yellow,23188.57656283289,182,127.40976133424665
2,-2,-1,Pink_vs_Yellow,23019.413535127806,175,131.53950591501604
1,-1,-2,Pink_vs_Yellow,21684.214437548773,102,212.59033762302718
2,-1,-2,Pink_vs_Yellow,21461.625110344823,99,216.78409202368508
1,-2,-2,Pink_vs_Yellow,21840.158816738895,153,142.74613605711696
2,-2,-2,Pink_vs_Yellow,22184.18229175043,158,140.4062170363951
1,-1,-1,Pink_vs_Pale Blue,6554.6629142079655,86,76.21701063032518
2,-1,-1,Pink_vs_Pale Blue,6394.08076193476,87,73.4951811716639
1,-2,-1,Pink_vs_Pale Blue,6907.326010501334,93,74.27232269356273
2,-2,-1,Pink_vs_Pale Blue,6695.581858067762,95,70.47980903229224
1,-1,-2,Pink_vs_Pale Blue,6533.016221805354,80,81.66270277256692
2,-1,-2,Pink_vs_Pale Blue,6572.129259006843,82,80.14791779276638
1,-2,-2,Pink_vs_Pale Blue,6536.065411377619,85,76.89488719267787
2,-2,-2,Pink_vs_Pale Blue,6515.575079527229,84,77.56636999437177
1,-1,-1,Pink_vs_Green,8657.677105273857,97,89.25440314715317
2,-1,-1,Pink_vs_Green,8779.445854871643,101,86.92520648387766
1,-2,-1,Pink_vs_Green,9484.715012823424,121,78.386074486144
2,-2,-1,Pink_vs_Green,9145.835552595374,121,75.58541779004442
1,-1,-2,Pink_vs_Green,8544.603718903325,76,112.42899630135953
2,-1,-2,Pink_vs_Green,8542.71376561903,76,112.40412849498723
1,-2,-2,Pink_vs_Green,8694.373795161422,90,96.60415327957136
2,-2,-2,Pink_vs_Green,8887.89770982042,101,87.99898722594475
1,-1,-1,Pink_vs_Dark Pink,2407.1213569900024,84,28.65620663083336
2,-1,-1,Pink_vs_Dark Pink,2430.2058824691085,85,28.59065744081304
1,-2,-1,Pink_vs_Dark Pink,2577.699120644597,100,25.77699120644597
2,-2,-1,Pink_vs_Dark Pink,2545.713544558341,98,25.976668822023885
1,-1,-2,Pink_vs_Dark Pink,2337.5054138704963,76,30.75665018250653
2,-1,-2,Pink_vs_Dark Pink,2337.2002106015375,74,31.583786629750506
1,-2,-2,Pink_vs_Dark Pink,2370.3725338844647,81,29.263858443018083
2,-2,-2,Pink_vs_Dark Pink,2468.3825013454966,85,29.03979413347643
1,-1,-1,Pink_vs_Orange,12136.055477833293,105,115.58148074126946
2,-1,-1,Pink_vs_Orange,12073.789497868365,113,106.84769467140146
1,-2,-1,Pink_vs_Orange,12849.453693633375,138,93.11198328719837
2,-2,-1,Pink_vs_Orange,13288.972643293891,145,91.64808719513029
1,-1,-2,Pink_vs_Orange,12244.319374586448,77,159.01713473488894
2,-1,-2,Pink_vs_Orange,12123.818341037724,88,137.77066296633777
1,-2,-2,Pink_vs_Orange,12222.432817616525,100,122.22432817616526
2,-2,-2,Pink_vs_Orange,12061.748875636917,106,113.79008373242374
1,-1,-1,Pink_vs_Pale Green,3661.4825290246213,80,45.76853161280776
2,-1,-1,Pink_vs_Pale Green,3666.3483705771728,87,42.14193529399049
1,-2,-1,Pink_vs_Pale Green,3799.6056381628564,90,42.217840424031735
2,-2,-1,Pink_vs_Pale Green,3694.495757195116,89,41.51118828309119
1,-1,-2,Pink_vs_Pale Green,3573.5979893924964,69,51.7912752085869
2,-1,-2,Pink_vs_Pale Green,3514.6053486311553,69,50.93630940045153
1,-2,-2,Pink_vs_Pale Green,3713.6483127104793,83,44.742750755547945
2,-2,-2,Pink_vs_Pale Green,3648.696560974503,84,43.43686382112504
1,-1,-1,Turquoise_vs_White,4607.642501565246,79,58.324588627408176
2,-1,-1,Turquoise_vs_White,4979.822245185258,96,51.87314838734644
1,-2,-1,Turquoise_vs_White,5220.1324193427745,110,47.4557492667525
2,-2,-1,Turquoise_vs_White,5180.390001265695,110,47.09445455696086
1,-1,-2,Turquoise_vs_White,4660.698089425213,77,60.52854661591186
2,-1,-2,Turquoise_vs_White,4655.080178986495,77,60.45558674008436
1,-2,-2,Turquoise_vs_White,4662.3783473894,80,58.2797293423675
2,-2,-2,Turquoise_vs_White,4652.543648497941,79,58.892957575923305
1,-1,-1,Turquoise_vs_Yellow,5296.2977531877,103,51.42036653580292
2,-1,-1,Turquoise_vs_Yellow,5114.074538961511,99,51.6573185753688
1,-2,-1,Turquoise_vs_Yellow,5673.181477183928,127,44.67072029278683
2,-2,-1,Turquoise_vs_Yellow,5610.2341028070805,130,43.15564694466985
1,-1,-2,Turquoise_vs_Yellow,4812.731095270823,84,57.294417800843135
2,-1,-2,Turquoise_vs_Yellow,4895.821335523843,87,56.27380845429705
1,-2,-2,Turquoise_vs_Yellow,5205.8150122111,97,53.66819600217629
2,-2,-2,Turquoise_vs_Yellow,5141.593414365377,97,53.006117673869866
1,-1,-1,Turquoise_vs_Pale Blue,2720.6662132567362,56,48.58332523672743
2,-1,-1,Turquoise_vs_Pale Blue,2610.8447804495145,57,45.80429439385113
1,-2,-1,Turquoise_vs_Pale Blue,2781.6782017584546,68,40.90703237880081
2,-2,-1,Turquoise_vs_Pale Blue,2837.483829490043,68,41.72770337485357
1,-1,-2,Turquoise_vs_Pale Blue,2515.063073783727,44,57.16052440417561
2,-1,-2,Turquoise_vs_Pale Blue,2631.0194033717344,48,54.81290423691113
1,-2,-2,Turquoise_vs_Pale Blue,2630.2959463242223,49,53.6795091086576
2,-2,-2,Turquoise_vs_Pale Blue,2723.6153775909243,56,48.635988885552216
1,-1,-1,Turquoise_vs_Green,3182.5479536626517,66,48.220423540343205
2,-1,-1,Turquoise_vs_Green,3192.9063307240644,73,43.73844288663102
1,-2,-1,Turquoise_vs_Green,2982.4531967031407,71,42.00638305215691
2,-2,-1,Turquoise_vs_Green,3285.51451938057,86,38.203657202099656
1,-1,-2,Turquoise_vs_Green,3158.256153301135,58,54.45269229829543
2,-1,-2,Turquoise_vs_Green,3217.319755687924,59,54.53084331674447
1,-2,-2,Turquoise_vs_Green,3162.9396603483606,73,43.327940552717266
2,-2,-2,Turquoise_vs_Green,3253.71727581685,72,45.19051771967847
1,-1,-1,Turquoise_vs_Dark Pink,2394.343592833256,79,30.30814674472476
2,-1,-1,Turquoise_vs_Dark Pink,2349.623460328928,78,30.12337769652472
1,-2,-1,Turquoise_vs_Dark Pink,2605.2122910197436,92,28.317524902388516
2,-2,-1,Turquoise_vs_Dark Pink,2495.257150500337,87,28.681116672417666
1,-1,-2,Turquoise_vs_Dark Pink,2438.021479313992,71,34.33833069456327
2,-1,-2,Turquoise_vs_Dark Pink,2332.7899942444224,76,30.69460518742661
1,-2,-2,Turquoise_vs_Dark Pink,2318.781846902059,78,29.727972396180242
2,-2,-2,Turquoise_vs_Dark Pink,2376.501224978669,77,30.86365227245025
1,-1,-1,Turquoise_vs_Orange,3927.862774098245,73,53.806339371208836
2,-1,-1,Turquoise_vs_Orange,4063.8323298490445,82,49.558930851817614
1,-2,-1,Turquoise_vs_Orange,4187.169211397639,97,43.166692901006584
2,-2,-1,Turquoise_vs_Orange,4181.748914989246,97,43.110813556590166
1,-1,-2,Turquoise_vs_Orange,4003.9070820892202,65,61.59857049368031
2,-1,-2,Turquoise_vs_Orange,3926.669417452636,64,61.35420964769744
1,-2,-2,Turquoise_vs_Orange,4051.722752250746,76,53.3121414769835
2,-2,-2,Turquoise_vs_Orange,3937.367019963024,72,54.685653055042
1,-1,-1,Turquoise_vs_Pale Green,2518.910088746817,49,51.406328341771776
2,-1,-1,Turquoise_vs_Pale Green,2582.522592364798,54,47.824492451199966
1,-2,-1,Turquoise_vs_Pale Green,2671.798329815141,61,43.79997261992035
2,-2,-1,Turquoise_vs_Pale Green,2751.64616185195,69,39.87892988191232
1,-1,-2,Turquoise_vs_Pale Green,2504.4042761184514,40,62.610106902961284
2,-1,-2,Turquoise_vs_Pale Green,2554.5437553576817,40,63.863593883942045
1,-2,-2,Turquoise_vs_Pale Green,2515.179377429065,49,51.330191376103365
2,-2,-2,Turquoise_vs_Pale Green,2518.910088746817,49,51.406328341771776
1,-1,-1,White_vs_Yellow,11121.506263626707,141,78.87593094770713
2,-1,-1,White_vs_Yellow,10841.640114813956,136,79.71794202069086
1,-2,-1,White_vs_Yellow,11447.791309498474,174,65.79190407757744
2,-2,-1,White_vs_Yellow,11267.622357353008,165,68.28862034759399
1,-1,-2,White_vs_Yellow,9793.715107152599,88,111.29221712673407
2,-1,-2,White_vs_Yellow,9785.138007401967,88,111.19475008411327
1,-2,-2,White_vs_Yellow,10375.647511497567,107,96.96866833175297
2,-2,-2,White_vs_Yellow,10725.993922301866,127,84.45664505749501
1,-1,-1,White_vs_Pale Blue,6429.50167718423,83,77.46387562872566
2,-1,-1,White_vs_Pale Blue,6357.691684064112,86,73.92664748911758
1,-2,-1,White_vs_Pale Blue,6418.472582651699,104,61.7160825254971
2,-2,-1,White_vs_Pale Blue,6122.5412031745955,99,61.84385053711713
1,-1,-2,White_vs_Pale Blue,6245.30302827684,79,79.05446871236506
2,-1,-2,White_vs_Pale Blue,6228.351668894014,79,78.83989454296221
1,-2,-2,White_vs_Pale Blue,6374.939294198979,79,80.69543410378455
2,-2,-2,White_vs_Pale Blue,6419.270862057441,84,76.41989121496954
1,-1,-1,White_vs_Green,6599.740459432169,85,77.64400540508434
2,-1,-1,White_vs_Green,6714.262220647541,89,75.44114854660158
1,-2,-1,White_vs_Green,6946.887737175049,113,61.47688262986769
2,-2,-1,White_vs_Green,7212.4204132030545,104,69.3501962807986
1,-1,-2,White_vs_Green,6300.813066768517,79,79.75712742744959
2,-1,-2,White_vs_Green,6326.107732849582,79,80.07731307404535
1,-2,-2,White_vs_Green,6534.879926809931,82,79.69365764402355
2,-2,-2,White_vs_Green,6580.563205174401,85,77.4183906491106
1,-1,-1,White_vs_Dark Pink,2693.6207026308593,81,33.25457657568962
2,-1,-1,White_vs_Dark Pink,2806.3121801418274,88,31.88991113797531
1,-2,-1,White_vs_Dark Pink,3023.609497079251,107,28.258032682983654
2,-2,-1,White_vs_Dark Pink,2973.1069289128686,102,29.148107146204595
1,-1,-2,White_vs_Dark Pink,2670.1830120901045,76,35.13398700118559
2,-1,-2,White_vs_Dark Pink,2677.547677825434,75,35.70063570433912
1,-2,-2,White_vs_Dark Pink,2670.9031138797436,83,32.17955558891257
2,-2,-2,White_vs_Dark Pink,2699.804723058239,81,33.33092250689184
1,-1,-1,White_vs_Orange,8733.473283548263,97,90.0358070468893
2,-1,-1,White_vs_Orange,8887.549548900592,108,82.29212545278325
1,-2,-1,White_vs_Orange,9634.152904579798,145,66.44243382468827
2,-2,-1,White_vs_Orange,9578.645362104813,140,68.4188954436058
1,-1,-2,White_vs_Orange,8351.477193334369,79,105.71490118144771
2,-1,-2,White_vs_Orange,8221.132269858519,79,104.06496544124708
1,-2,-2,White_vs_Orange,8538.417580054318,89,95.9372761803856
2,-2,-2,White_vs_Orange,8716.281148287944,96,90.79459529466608
1,-1,-1,White_vs_Pale Green,4328.99559326581,84,51.53566182459298
2,-1,-1,White_vs_Pale Green,4281.170374356875,85,50.36671028655147
1,-2,-1,White_vs_Pale Green,4563.039945805021,98,46.56163210005123
2,-2,-1,White_vs_Pale Green,4505.351428116035,99,45.50860028400035
1,-1,-2,White_vs_Pale Green,4274.158316499219,79,54.103269829104036
2,-1,-2,White_vs_Pale Green,4222.8919965786945,79,53.45432907061639
1,-2,-2,White_vs_Pale Green,4298.401607255466,81,53.06668650932674
2,-2,-2,White_vs_Pale Green,4343.545664257568,82,52.97006907631181
1,-1,-1,Yellow_vs_Pale Blue,9041.885808328161,113,80.01668856927576
2,-1,-1,Yellow_vs_Pale Blue,9370.972975443163,121,77.4460576482906
1,-2,-1,Yellow_vs_Pale Blue,9486.841994561706,128,74.11595308251333
2,-2,-1,Yellow_vs_Pale Blue,9807.602899967935,131,74.86719770967889
1,-1,-2,Yellow_vs_Pale Blue,8656.77565341827,98,88.33444544304358
2,-1,-2,Yellow_vs_Pale Blue,8829.421258478225,100,88.29421258478226
1,-2,-2,Yellow_vs_Pale Blue,8949.030488506676,112,79.90205793309532
2,-2,-2,Yellow_vs_Pale Blue,8923.69054823449,111,80.39360854265307
1,-1,-1,Yellow_vs_Green,11461.107338166465,122,93.94350277185627
2,-1,-1,Yellow_vs_Green,11465.965687047596,137,83.69318019742771
1,-2,-1,Yellow_vs_Green,11253.977746859158,142,79.25336441450112
2,-2,-1,Yellow_vs_Green,11417.239950079875,144,79.28638854222135
1,-1,-2,Yellow_vs_Green,10987.865933215784,93,118.14909605608369
2,-1,-2,Yellow_vs_Green,11094.592874415437,96,115.5686757751608
1,-2,-2,Yellow_vs_Green,11518.485195283678,122,94.41381307609572
2,-2,-2,Yellow_vs_Green,11576.008832525647,121,95.66949448368304
1,-1,-1,Yellow_vs_Dark Pink,3430.4921388937287,98,35.005021825446214
2,-1,-1,Yellow_vs_Dark Pink,3836.575452404384,123,31.191670344751092
1,-2,-1,Yellow_vs_Dark Pink,3928.830115021644,149,26.36798734913855
2,-2,-1,Yellow_vs_Dark Pink,4046.6845251698655,148,27.342463007904495
1,-1,-2,Yellow_vs_Dark Pink,3203.45807722767,86,37.249512525903135
2,-1,-2,Yellow_vs_Dark Pink,3259.5005715757834,89,36.62360192781779
1,-2,-2,Yellow_vs_Dark Pink,3460.286936906807,101,34.260266702047595
2,-2,-2,Yellow_vs_Dark Pink,3445.4933965940218,101,34.113796005881404
1,-1,-1,Yellow_vs_Orange,15091.544624851666,143,105.53527709686479
2,-1,-1,Yellow_vs_Orange,15011.195737307526,145,103.52548784350017
1,-2,-1,Yellow_vs_Orange,15643.240107251073,176,88.88204606392655
2,-2,-1,Yellow_vs_Orange,15877.270401021631,169,93.94834556817533
1,-1,-2,Yellow_vs_Orange,14415.688355316817,88,163.81464040132747
2,-1,-2,Yellow_vs_Orange,14975.148963482306,111,134.91125192326402
1,-2,-2,Yellow_vs_Orange,15155.40197043946,135,112.26223681807006
2,-2,-2,Yellow_vs_Orange,15213.045841512267,142,107.13412564445258
1,-1,-1,Yellow_vs_Pale Green,5149.549166479323,99,52.015648146255785
2,-1,-1,Yellow_vs_Pale Green,5113.232675283444,100,51.132326752834445
1,-2,-1,Yellow_vs_Pale Green,5286.081199860948,114,46.36913333211358
2,-2,-1,Yellow_vs_Pale Green,5211.282343532287,114,45.71300301344112
1,-1,-2,Yellow_vs_Pale Green,4963.470578976353,86,57.71477417414364
2,-1,-2,Yellow_vs_Pale Green,4987.234229447013,86,57.99109569124433
1,-2,-2,Yellow_vs_Pale Green,5163.250571617051,100,51.632505716170506
2,-2,-2,Yellow_vs_Pale Green,5149.089454252201,99,52.011004588406074
1,-1,-1,Pale Blue_vs_Green,4552.660629629712,71,64.12198069901004
2,-1,-1,Pale Blue_vs_Green,4542.927356046897,71,63.984892338688695
1,-2,-1,Pale Blue_vs_Green,4729.009414201783,76,62.223808081602414
2,-2,-1,Pale Blue_vs_Green,4578.715471235191,71,64.4889502990872
1,-1,-2,Pale Blue_vs_Green,4474.908146105202,62,72.17593784040648
2,-1,-2,Pale Blue_vs_Green,4388.76785337859,62,70.78657828029984
1,-2,-2,Pale Blue_vs_Green,4480.027956316455,69,64.92794139589066
2,-2,-2,Pale Blue_vs_Green,4552.660629629712,71,64.12198069901004
1,-1,-1,Pale Blue_vs_Dark Pink,1702.7785946345318,79,21.554159425753568
2,-1,-1,Pale Blue_vs_Dark Pink,1669.491368880985,79,21.132802137733986
1,-2,-1,Pale Blue_vs_Dark Pink,1707.9696697737518,83,20.57794782859942
2,-2,-1,Pale Blue_vs_Dark Pink,1656.6915539439208,81,20.452982147455813
1,-1,-2,Pale Blue_vs_Dark Pink,1727.965462047245,72,23.999520306211735
2,-1,-2,Pale Blue_vs_Dark Pink,1653.646034663463,75,22.04861379551284
1,-2,-2,Pale Blue_vs_Dark Pink,1674.0390871282057,78,21.46203957856674
2,-2,-2,Pale Blue_vs_Dark Pink,1697.3751678629562,78,21.76122010080713
1,-1,-1,Pale Blue_vs_Orange,7609.676416173278,83,91.68284838762986
2,-1,-1,Pale Blue_vs_Orange,6846.691264023357,88,77.80330981844723
1,-2,-1,Pale Blue_vs_Orange,8209.467774934643,110,74.63152522667858
2,-2,-1,Pale Blue_vs_Orange,8237.856528816184,106,77.71562763034136
1,-1,-2,Pale Blue_vs_Orange,7349.575469785222,66,111.35720408765488
2,-1,-2,Pale Blue_vs_Orange,7689.7771018610065,74,103.91590678190549
1,-2,-2,Pale Blue_vs_Orange,7533.145706341735,80,94.16432132927169
2,-2,-2,Pale Blue_vs_Orange,7663.419192483528,84,91.23118086289914
1,-1,-1,Pale Blue_vs_Pale Green,2074.356211824009,42,49.38943361485735
2,-1,-1,Pale Blue_vs_Pale Green,2072.40901236898,42,49.34307172307095
1,-2,-1,Pale Blue_vs_Pale Green,2072.40901236898,42,49.34307172307095
2,-2,-1,Pale Blue_vs_Pale Green,2072.40901236898,42,49.34307172307095
1,-1,-2,Pale Blue_vs_Pale Green,2076.97939655015,42,49.45189039405119
2,-1,-2,Pale Blue_vs_Pale Green,2078.498643614394,42,49.48806294319986
1,-2,-2,Pale Blue_vs_Pale Green,2074.356211824009,42,49.38943361485735
2,-2,-2,Pale Blue_vs_Pale Green,2072.40901236898,42,49.34307172307095
1,-1,-1,Green_vs_Dark Pink,1777.2512283412846,79,22.49685099166183
2,-1,-1,Green_vs_Dark Pink,1782.5428943139034,79,22.563834105239284
1,-2,-1,Green_vs_Dark Pink,1807.202484535938,81,22.311141784394298
2,-2,-1,Green_vs_Dark Pink,1846.7181066280689,81,22.7989889707169
1,-1,-2,Green_vs_Dark Pink,1777.6002081107076,71,25.036622649446585
2,-1,-2,Green_vs_Dark Pink,1767.0751235901112,76,23.250988468290938
1,-2,-2,Green_vs_Dark Pink,1749.151998614456,79,22.141164539423492
2,-2,-2,Green_vs_Dark Pink,1774.9202026397254,79,22.467344337211713
1,-1,-1,Green_vs_Orange,8267.431299070844,83,99.60760601290174
2,-1,-1,Green_vs_Orange,8520.159012648191,94,90.63998949625736
1,-2,-1,Green_vs_Orange,9124.7497152693,120,76.0395809605775
2,-2,-1,Green_vs_Orange,9190.319460676517,112,82.05642375604033
1,-1,-2,Green_vs_Orange,8330.210084604661,72,115.69736228617586
2,-1,-2,Green_vs_Orange,8413.242775027133,81,103.86719475342139
1,-2,-2,Green_vs_Orange,8500.822187422009,95,89.48233881496851
2,-2,-2,Green_vs_Orange,8261.316124561512,83,99.53392921158448
1,-1,-1,Green_vs_Pale Green,2093.359990200714,62,33.76387080968894
2,-1,-1,Green_vs_Pale Green,2064.71262788418,61,33.84774799810131
1,-2,-1,Green_vs_Pale Green,2133.635805812435,63,33.8672350128958
2,-2,-1,Green_vs_Pale Green,2280.3920312050454,67,34.03570195828426
1,-1,-2,Green_vs_Pale Green,2083.525482134801,58,35.92285314025519
2,-1,-2,Green_vs_Pale Green,2083.525482134801,58,35.92285314025519
1,-2,-2,Green_vs_Pale Green,2099.9393444010047,62,33.86998942582266
2,-2,-2,Green_vs_Pale Green,2093.359990200714,62,33.76387080968894
1,-1,-1,Dark Pink_vs_Orange,2611.671962161672,85,30.725552496019674
2,-1,-1,Dark Pink_vs_Orange,2676.4329998143608,91,29.411351646311658
1,-2,-1,Dark Pink_vs_Orange,2792.8869702885763,97,28.792649178232747
2,-2,-1,Dark Pink_vs_Orange,2714.8296164958056,99,27.42252137874551
1,-1,-2,Dark Pink_vs_Orange,2539.8854866273773,75,33.865139821698364
2,-1,-2,Dark Pink_vs_Orange,2501.1427933273535,76,32.90977359641255
1,-2,-2,Dark Pink_vs_Orange,2616.073416780299,84,31.143731152146415
2,-2,-2,Dark Pink_vs_Orange,2609.658162225558,85,30.701860732065388
1,-1,-1,Dark Pink_vs_Pale Green,1714.0535064339483,77,22.260435148492835
2,-1,-1,Dark Pink_vs_Pale Green,1712.5551878699257,79,21.677913770505388
1,-2,-1,Dark Pink_vs_Pale Green,1721.2312470812112,79,21.78773730482546
2,-2,-1,Dark Pink_vs_Pale Green,1755.106153899902,81,21.667977208640764
1,-1,-2,Dark Pink_vs_Pale Green,1699.2814132891822,71,23.933541032242
2,-1,-2,Dark Pink_vs_Pale Green,1685.4953104415574,77,21.889549486253994
1,-2,-2,Dark Pink_vs_Pale Green,1691.538737568465,77,21.968035552837208
2,-2,-2,Dark Pink_vs_Pale Green,1692.0233965437242,77,21.97432982524317
1,-1,-1,Orange_vs_Pale Green,3468.6699077160306,67,51.77119265247807
2,-1,-1,Orange_vs_Pale Green,3466.9351138136553,72,48.15187658074521
1,-2,-1,Orange_vs_Pale Green,3554.6764609156276,77,46.164629362540616
2,-2,-1,Orange_vs_Pale Green,3554.8689154716353,77,46.1671287723589
1,-1,-2,Orange_vs_Pale Green,3353.436353832441,61,54.97436645626952
2,-1,-2,Orange_vs_Pale Green,3392.5491694022467,61,55.61556015413519
1,-2,-2,Orange_vs_Pale Green,3459.8209071239185,67,51.6391180167749
2,-2,-2,Orange_vs_Pale Green,3466.36764642717,67,51.7368305436891
1,-1,-1,Blue_vs_Pink,10459.087580624622,97,107.82564516107858
2,-1,-1,Blue_vs_Pink,10186.882868695013,99,102.89780675449508
1,-2,-1,Blue_vs_Pink,10177.509960699734,112,90.87062464910477
2,-2,-1,Blue_vs_Pink,10410.768907800333,107,97.29690568037695
1,-1,-2,Blue_vs_Pink,9862.082356258034,82,120.269297027537
2,-1,-2,Blue_vs_Pink,9506.325363319454,80,118.82906704149318
1,-2,-2,Blue_vs_Pink,9937.545241452883,90,110.41716934947648
2,-2,-2,Blue_vs_Pink,10154.462220373514,93,109.1877658104679
1,-1,-1,Blue_vs_Turquoise,2883.245285969366,58,49.71112562016148
2,-1,-1,Blue_vs_Turquoise,2923.128341941719,59,49.54454816850372
1,-2,-1,Blue_vs_Turquoise,2985.728181340806,64,46.65200283345009
2,-2,-1,Blue_vs_Turquoise,2951.2103836516317,65,45.40323667156356
1,-1,-2,Blue_vs_Turquoise,2807.4997857094304,46,61.03260403716153
2,-1,-2,Blue_vs_Turquoise,2988.4331017288637,48,62.25902295268466
1,-2,-2,Blue_vs_Turquoise,3007.923168024307,65,46.2757410465278
2,-2,-2,Blue_vs_Turquoise,2898.949970562436,58,49.98189604417993
1,-1,-1,Blue_vs_White,6846.94253948997,92,74.42328847271706
2,-1,-1,Blue_vs_White,6768.305082577143,94,72.00324555933132
1,-2,-1,Blue_vs_White,6845.633805972847,97,70.57354439147265
2,-2,-1,Blue_vs_White,7150.55510662437,110,65.0050464238579
1,-1,-2,Blue_vs_White,6431.738802208723,79,81.41441521783194
2,-1,-2,Blue_vs_White,6374.075507650909,79,80.68450009684695
1,-2,-2,Blue_vs_White,6793.600765422875,87,78.08736511980317
2,-2,-2,Blue_vs_White,6586.839096475594,84,78.41475114851897
1,-1,-1,Blue_vs_Yellow,14146.10286083912,130,108.81617585260862
2,-1,-1,Blue_vs_Yellow,14028.442985662201,131,107.08735103558932
1,-2,-1,Blue_vs_Yellow,14669.82789807585,151,97.15117813295265
2,-2,-1,Blue_vs_Yellow,14601.285609495822,142,102.82595499644945
1,-1,-2,Blue_vs_Yellow,13377.848995057508,88,152.02101130747167
2,-1,-2,Blue_vs_Yellow,14395.146086857278,103,139.75869987240074
1,-2,-2,Blue_vs_Yellow,13992.069768905889,127,110.17377770792038
2,-2,-2,Blue_vs_Yellow,14148.241271805276,130,108.8326251677329
1,-1,-1,Blue_vs_Pale Blue,4883.23068053742,50,97.6646136107484
2,-1,-1,Blue_vs_Pale Blue,5170.289518087903,58,89.1429227256535
1,-2,-1,Blue_vs_Pale Blue,5082.124343207104,58,87.62283350357076
2,-2,-1,Blue_vs_Pale Blue,5211.0098388495235,58,89.84499722154351
1,-1,-2,Blue_vs_Pale Blue,4754.087695173824,48,99.04349364945466
2,-1,-2,Blue_vs_Pale Blue,4751.108214729368,48,98.98142114019517
1,-2,-2,Blue_vs_Pale Blue,4883.23068053742,50,97.6646136107484
2,-2,-2,Blue_vs_Pale Blue,5053.830329823329,55,91.88782417860598
1,-1,-1,Blue_vs_Green,4976.97818266137,79,62.99972383115658
2,-1,-1,Blue_vs_Green,4965.573210778777,79,62.85535709846553
1,-2,-1,Blue_vs_Green,5501.003033406974,87,63.229919924218095
2,-2,-1,Blue_vs_Green,5509.004572173462,87,63.321891634177724
1,-1,-2,Blue_vs_Green,4943.104551540576,64,77.2360086178215
2,-1,-2,Blue_vs_Green,5038.900289338489,70,71.9842898476927
1,-2,-2,Blue_vs_Green,4999.054240208136,73,68.48019507134434
2,-2,-2,Blue_vs_Green,4977.443568667651,79,63.0056147932614
1,-1,-1,Blue_vs_Dark Pink,1755.8875681176164,77,22.803734650878134
2,-1,-1,Blue_vs_Dark Pink,1755.9430589084602,78,22.512090498826414
1,-2,-1,Blue_vs_Dark Pink,1810.3108980988798,79,22.915327824036453
2,-2,-1,Blue_vs_Dark Pink,1827.3611848573892,82,22.284892498260845
1,-1,-2,Blue_vs_Dark Pink,1784.9191139921832,72,24.79054324989143
2,-1,-2,Blue_vs_Dark Pink,1770.9135439536701,76,23.301493999390395
1,-2,-2,Blue_vs_Dark Pink,1757.5211696678518,78,22.532322688049383
2,-2,-2,Blue_vs_Dark Pink,1751.9245720073015,77,22.752267168925993
1,-1,-1,Blue_vs_Orange,8921.285387010112,86,103.73587659314083
2,-1,-1,Blue_vs_Orange,9149.872891327392,86,106.39387082938828
1,-2,-1,Blue_vs_Orange,9882.999544338698,109,90.66972059026328
2,-2,-1,Blue_vs_Orange,9463.291528190965,100,94.63291528190965
1,-1,-2,Blue_vs_Orange,8814.060917408156,70,125.91515596297366
2,-1,-2,Blue_vs_Orange,8919.072275837918,75,118.92096367783891
1,-2,-2,Blue_vs_Orange,9196.758053410478,87,105.70986268287906
2,-2,-2,Blue_vs_Orange,8926.736853622326,90,99.18596504024806
1,-1,-1,Blue_vs_Pale Green,2090.660306581557,48,43.55542305378244
2,-1,-1,Blue_vs_Pale Green,2150.818117048707,49,43.89424728670831
1,-2,-1,Blue_vs_Pale Green,2332.7191144928947,56,41.655698473087405
2,-2,-1,Blue_vs_Pale Green,2346.5699126145732,56,41.90303415383166
1,-1,-2,Blue_vs_Pale Green,2132.704877018683,46,46.36314950040615
2,-1,-2,Blue_vs_Pale Green,2093.6769357168846,46,45.514715993845314
1,-2,-2,Blue_vs_Pale Green,2135.1199359375164,47,45.428083743351415
2,-2,-2,Blue_vs_Pale Green,2132.9588444586693,47,45.38210307358871
1,-1,-1,Pink_vs_Turquoise,3832.532794905113,74,51.79098371493396
2,-1,-1,Pink_vs_Turquoise,3974.3968864347326,83,47.884299836563045
1,-2,-1,Pink_vs_Turquoise,3997.7858053049526,91,43.93171214620827
2,-2,-1,Pink_vs_Turquoise,4194.774224746059,98,42.80381861985774
1,-1,-2,Pink_vs_Turquoise,3839.7052534740114,62,61.93072989474212
2,-1,-2,Pink_vs_Turquoise,3849.377691682377,62,62.086736962618986
1,-2,-2,Pink_vs_Turquoise,4021.6929947898393,77,52.2297791531148
2,-2,-2,Pink_vs_Turquoise,3895.9588142563207,73,53.36929882542905
1,-1,-1,Pink_vs_White,7114.114227295289,86,82.72225845692196
2,-1,-1,Pink_vs_White,7424.597473912323,100,74.24597473912323
1,-2,-1,Pink_vs_White,7744.524134004989,119,65.08003473953772
2,-2,-1,Pink_vs_White,7798.0570249284165,119,65.52989096578501
1,-1,-2,Pink_vs_White,6875.388434113579,81,84.88133869276024
2,-1,-2,Pink_vs_White,6953.7086403984285,82,84.80132488290766
1,-2,-2,Pink_vs_White,7153.829813694897,89,80.3801102662348
2,-2,-2,Pink_vs_White,7152.023857097591,88,81.27299837610899
1,-1,-1,Pink_vs_Yellow,22142.98761650832,156,141.94222831095075
2,-1,-1,Pink_vs_Yellow,22371.299195844826,170,131.59587762261663
1,-2,-1,Pink_vs_Yellow,23277.474616693984,175,133.01414066682275
2,-2,-1,Pink_vs_Yellow,23036.748880408206,172,133.9345865140012
1,-1,-2,Pink_vs_Yellow,21346.829608416916,95,224.70346956228332
2,-1,-2,Pink_vs_Yellow,21497.655957416137,96,223.93391622308476
1,-2,-2,Pink_vs_Yellow,22192.569560871,158,140.4593010181709
2,-2,-2,Pink_vs_Yellow,21867.842210970975,154,141.99897539591544
1,-1,-1,Pink_vs_Pale Blue,6718.729810011938,87,77.22677942542457
2,-1,-1,Pink_vs_Pale Blue,6858.127687751851,97,70.70234729641084
1,-2,-1,Pink_vs_Pale Blue,7564.134990799009,106,71.35976406414159
2,-2,-1,Pink_vs_Pale Blue,7443.230238425795,103,72.26437124685238
1,-1,-2,Pink_vs_Pale Blue,6658.197334257888,72,92.47496297580399
2,-1,-2,Pink_vs_Pale Blue,6716.554586836327,72,93.28548037272677
1,-2,-2,Pink_vs_Pale Blue,7153.456835239513,87,82.22364178436221
2,-2,-2,Pink_vs_Pale Blue,7162.948996629089,92,77.8581412677075
1,-1,-1,Pink_vs_Green,7903.8456946985425,93,84.9875881150381
2,-1,-1,Pink_vs_Green,8095.429932779942,98,82.6064278855096
1,-2,-1,Pink_vs_Green,8445.333886610724,112,75.4047668447386
2,-2,-1,Pink_vs_Green,8491.851061087245,115,73.84218313988909
1,-1,-2,Pink_vs_Green,7820.023682120946,73,107.12361208384858
2,-1,-2,Pink_vs_Green,7822.300337215621,73,107.15479913994001
1,-2,-2,Pink_vs_Green,8136.824011076636,93,87.49273130189931
2,-2,-2,Pink_vs_Green,8138.917879513698,97,83.90636989189379
1,-1,-1,Pink_vs_Dark Pink,2619.9439791466,89,29.4375727994
2,-1,-1,Pink_vs_Dark Pink,2622.9288406650694,91,28.823393853462303
1,-2,-1,Pink_vs_Dark Pink,2848.3540902663262,113,25.206673365188728
2,-2,-1,Pink_vs_Dark Pink,2776.3889092344352,107,25.947559899387244
1,-1,-2,Pink_vs_Dark Pink,2484.020303991861,76,32.684477684103435
2,-1,-2,Pink_vs_Dark Pink,2548.991045727183,78,32.67937238111773
1,-2,-2,Pink_vs_Dark Pink,2579.1729028754125,90,28.657476698615696
2,-2,-2,Pink_vs_Dark Pink,2643.7176538554922,90,29.374640598394357
1,-1,-1,Pink_vs_Orange,12810.960981249265,118,108.56746594279038
2,-1,-1,Pink_vs_Orange,12372.74122521183,113,109.49328517886575
1,-2,-1,Pink_vs_Orange,13302.76188586523,141,94.34582897776758
2,-2,-1,Pink_vs_Orange,13327.66807993475,144,92.55325055510244
1,-1,-2,Pink_vs_Orange,12238.802375493364,77,158.94548539601772
2,-1,-2,Pink_vs_Orange,12514.162132284435,95,131.72802244509933
1,-2,-2,Pink_vs_Orange,12223.47544597402,107,114.23808828013102
2,-2,-2,Pink_vs_Orange,12599.337193697007,114,110.52050169909656
1,-1,-1,Pink_vs_Pale Green,3698.2577165216926,80,46.228221456521155
2,-1,-1,Pink_vs_Pale Green,3791.5089952874655,84,45.1370118486603
1,-2,-1,Pink_vs_Pale Green,3856.9587877370514,91,42.38416250260496
2,-2,-1,Pink_vs_Pale Green,3954.285153906353,95,41.62405425164582
1,-1,-2,Pink_vs_Pale Green,3729.655592177922,75,49.72874122903896
2,-1,-2,Pink_vs_Pale Green,3673.050136799331,74,49.63581265945042
1,-2,-2,Pink_vs_Pale Green,3689.0435938924143,80,46.11304492365518
2,-2,-2,Pink_vs_Pale Green,3800.1109422521013,83,45.78446918376026
1,-1,-1,Turquoise_vs_White,4845.345147849057,79,61.33348288416528
2,-1,-1,Turquoise_vs_White,4724.416373770786,83,56.92067920205766
1,-2,-1,Turquoise_vs_White,4989.292377759092,94,53.077578486798856
2,-2,-1,Turquoise_vs_White,4870.9236570829235,90,54.12137396758804
1,-1,-2,Turquoise_vs_White,4776.2809604673785,74,64.54433730361322
2,-1,-2,Turquoise_vs_White,4808.490961766407,74,64.97960759143794
1,-2,-2,Turquoise_vs_White,4897.989965233317,82,59.73158494186972
2,-2,-2,Turquoise_vs_White,4798.187488222231,83,57.8094878099064
1,-1,-1,Turquoise_vs_Yellow,5240.143260620975,103,50.875177287582275
2,-1,-1,Turquoise_vs_Yellow,5222.076738494888,103,50.69977416014454
1,-2,-1,Turquoise_vs_Yellow,5875.987651020902,132,44.51505796227956
2,-2,-1,Turquoise_vs_Yellow,5435.375216069118,113,48.10066562893025
1,-1,-2,Turquoise_vs_Yellow,5088.574888588933,90,56.539720984321484
2,-1,-2,Turquoise_vs_Yellow,5041.649278318874,90,56.018325314654156
1,-2,-2,Turquoise_vs_Yellow,5242.404349290844,103,50.897129604765475
2,-2,-2,Turquoise_vs_Yellow,5246.557185778652,103,50.93744840561798
1,-1,-1,Turquoise_vs_Pale Blue,3123.532245342608,55,56.7914953698656
2,-1,-1,Turquoise_vs_Pale Blue,3155.2782812100713,60,52.58797135350119
1,-2,-1,Turquoise_vs_Pale Blue,3043.4035688587765,67,45.423933863563825
2,-2,-1,Turquoise_vs_Pale Blue,3036.798997631568,67,45.325358173605494
1,-1,-2,Turquoise_vs_Pale Blue,2619.6642372278134,46,56.949222548430726
2,-1,-2,Turquoise_vs_Pale Blue,2852.18862916891,46,62.00410063410674
1,-2,-2,Turquoise_vs_Pale Blue,2808.392538302951,53,52.988538458546245
2,-2,-2,Turquoise_vs_Pale Blue,3100.4614976055323,55,56.372027229191495
1,-1,-1,Turquoise_vs_Green,2888.559016015358,61,47.35342649205505
2,-1,-1,Turquoise_vs_Green,3088.3022074293513,66,46.7924576883235
1,-2,-1,Turquoise_vs_Green,3036.4047557055046,73,41.594585694595956
2,-2,-1,Turquoise_vs_Green,3036.4047557055046,73,41.594585694595956
1,-1,-2,Turquoise_vs_Green,3056.145530385733,54,56.59528759973579
2,-1,-2,Turquoise_vs_Green,3058.5052633293517,55,55.609186605988214
1,-2,-2,Turquoise_vs_Green,3021.3066795731693,64,47.20791686833077
2,-2,-2,Turquoise_vs_Green,2931.570946369824,61,48.058540104423344
1,-1,-1,Turquoise_vs_Dark Pink,2363.4730854787404,78,30.300936993317183
2,-1,-1,Turquoise_vs_Dark Pink,2366.8263070639878,79,29.959826671696046
1,-2,-1,Turquoise_vs_Dark Pink,2471.1559701453048,87,28.40409161086557
2,-2,-1,Turquoise_vs_Dark Pink,2443.847521662409,79,30.934778755220364
1,-1,-2,Turquoise_vs_Dark Pink,2322.8112759257124,74,31.38934156656368
2,-1,-2,Turquoise_vs_Dark Pink,2368.290006814061,76,31.16171061597449
1,-2,-2,Turquoise_vs_Dark Pink,2375.1414162464,78,30.450530977517946
2,-2,-2,Turquoise_vs_Dark Pink,2356.4981156167505,78,30.211514302778852
1,-1,-1,Turquoise_vs_Orange,3995.6152199214853,80,49.945190249018566
2,-1,-1,Turquoise_vs_Orange,3997.7267830327055,82,48.75276564674031
1,-2,-1,Turquoise_vs_Orange,4359.387452469697,103,42.32415002397764
2,-2,-1,Turquoise_vs_Orange,4244.903409983208,92,46.140254456339214
1,-1,-2,Turquoise_vs_Orange,3976.8803989236512,66,60.25576362005532
2,-1,-2,Turquoise_vs_Orange,4030.9757354241415,66,61.07538993066881
1,-2,-2,Turquoise_vs_Orange,4049.973908469895,78,51.922742416280705
2,-2,-2,Turquoise_vs_Orange,3991.089079675275,79,50.52011493259842
1,-1,-1,Turquoise_vs_Pale Green,2551.005022951394,49,52.06132699900804
2,-1,-1,Turquoise_vs_Pale Green,2621.931875454024,54,48.55429398988934
1,-2,-1,Turquoise_vs_Pale Green,2696.590623386752,60,44.94317705644587
2,-2,-1,Turquoise_vs_Pale Green,2771.2129922808713,67,41.361387944490616
1,-1,-2,Turquoise_vs_Pale Green,2576.788712167816,42,61.35211219447181
2,-1,-2,Turquoise_vs_Pale Green,2542.5809520618145,44,57.785930728677606
1,-2,-2,Turquoise_vs_Pale Green,2547.2429022169404,49,51.984549024835516
2,-2,-2,Turquoise_vs_Pale Green,2547.2429022169404,49,51.984549024835516
1,-1,-1,White_vs_Yellow,10569.672900463913,116,91.11786983158545
2,-1,-1,White_vs_Yellow,10906.70111675337,136,80.1963317408336
1,-2,-1,White_vs_Yellow,10998.320055329903,162,67.89086453907348
2,-2,-1,White_vs_Yellow,11198.632539124543,168,66.65852701859846
1,-1,-2,White_vs_Yellow,10097.234910320914,94,107.41739266298845
2,-1,-2,White_vs_Yellow,10011.004031229199,95,105.37898980241262
1,-2,-2,White_vs_Yellow,10584.811720718762,116,91.24837690274795
2,-2,-2,White_vs_Yellow,10589.073732139323,116,91.2851183805114
1,-1,-1,White_vs_Pale Blue,6410.689580945781,83,77.23722386681663
2,-1,-1,White_vs_Pale Blue,6369.88794914982,85,74.939858225292
1,-2,-1,White_vs_Pale Blue,6471.049104732298,95,68.11630636560314
2,-2,-1,White_vs_Pale Blue,6659.794700173225,101,65.93856138785371
1,-1,-2,White_vs_Pale Blue,6225.408720983063,79,78.8026420377603
2,-1,-2,White_vs_Pale Blue,6230.574387004979,79,78.8680302152529
1,-2,-2,White_vs_Pale Blue,6457.648948851939,84,76.87677320061832
2,-2,-2,White_vs_Pale Blue,6371.123362084542,82,77.69662636688466
1,-1,-1,White_vs_Green,6766.799677433195,86,78.68371717945575
2,-1,-1,White_vs_Green,7249.396212403716,114,63.59119484564663
1,-2,-1,White_vs_Green,7549.861124300452,115,65.65096629826479
2,-2,-1,White_vs_Green,7671.791369425755,131,58.56329289637981
1,-1,-2,White_vs_Green,6433.241638873819,79,81.43343846675721
2,-1,-2,White_vs_Green,6309.002534272315,79,79.86079157306727
1,-2,-2,White_vs_Green,6533.507886207904,81,80.6605911877519
2,-2,-2,White_vs_Green,6555.016231446544,84,78.03590751722076
1,-1,-1,White_vs_Dark Pink,2652.147487168309,79,33.57148717934568
2,-1,-1,White_vs_Dark Pink,2592.812803468376,79,32.82041523377691
1,-2,-1,White_vs_Dark Pink,2713.5903223061932,86,31.55337584076969
2,-2,-1,White_vs_Dark Pink,2797.1954458643368,92,30.404298324612355
1,-1,-2,White_vs_Dark Pink,2561.698534797069,74,34.61754776752796
2,-1,-2,White_vs_Dark Pink,2598.6200521375963,76,34.19236910707364
1,-2,-2,White_vs_Dark Pink,2581.26658025294,80,32.26583225316175
2,-2,-2,White_vs_Dark Pink,2650.9861229331736,79,33.556786366242704
1,-1,-1,White_vs_Orange,8508.578020871468,95,89.56397916706808
2,-1,-1,White_vs_Orange,8792.128508551114,111,79.20836494190192
1,-2,-1,White_vs_Orange,9242.608813128492,122,75.75908863220076
2,-2,-1,White_vs_Orange,9524.890316948076,149,63.925438368779034
1,-1,-2,White_vs_Orange,8047.162087613327,79,101.86281123561173
2,-1,-2,White_vs_Orange,8172.079761815054,79,103.44404761791208
1,-2,-2,White_vs_Orange,8607.79073865636,94,91.57224190059958
2,-2,-2,White_vs_Orange,8518.082684545547,95,89.66402825837417
1,-1,-1,White_vs_Pale Green,4321.724250342762,82,52.703954272472714
2,-1,-1,White_vs_Pale Green,4308.68621052197,85,50.69042600614082
1,-2,-1,White_vs_Pale Green,4842.2915607969735,105,46.1170624837807
2,-2,-1,White_vs_Pale Green,4860.920902819317,105,46.294484788755405
1,-1,-2,White_vs_Pale Green,4193.864450735164,79,53.086891781457766
2,-1,-2,White_vs_Pale Green,4205.876284202276,79,53.238940306357925
1,-2,-2,White_vs_Pale Green,4227.762909539868,81,52.19460382147985
2,-2,-2,White_vs_Pale Green,4321.09580892641,82,52.6962903527611
1,-1,-1,Yellow_vs_Pale Blue,9456.63943004527,112,84.4342806254042
2,-1,-1,Yellow_vs_Pale Blue,9417.117316988855,116,81.18204583611082
1,-2,-1,Yellow_vs_Pale Blue,9983.757639432355,135,73.95376029209152
2,-2,-1,Yellow_vs_Pale Blue,9969.278893608809,135,73.84651032302821
1,-1,-2,Yellow_vs_Pale Blue,8821.551144535535,92,95.8864254840819
2,-1,-2,Yellow_vs_Pale Blue,9054.804466359197,95,95.31373122483366
1,-2,-2,Yellow_vs_Pale Blue,9365.069483451518,110,85.13699530410472
2,-2,-2,Yellow_vs_Pale Blue,9372.82355699424,110,85.20748688176583
1,-1,-1,Yellow_vs_Green,11388.8808053015,124,91.84581294597984
2,-1,-1,Yellow_vs_Green,11628.447219194806,138,84.26411028402033
1,-2,-1,Yellow_vs_Green,11610.993166090886,148,78.45265652764112
2,-2,-1,Yellow_vs_Green,11501.163474983065,146,78.77509229440456
1,-1,-2,Yellow_vs_Green,10851.022192498265,86,126.17467665695658
2,-1,-2,Yellow_vs_Green,11098.08313907207,92,120.63133846817468
1,-2,-2,Yellow_vs_Green,11714.00565782898,125,93.71204526263185
2,-2,-2,Yellow_vs_Green,11426.008897412907,121,94.42982559845377
1,-1,-1,Yellow_vs_Dark Pink,3029.261770277164,78,38.83668936252774
2,-1,-1,Yellow_vs_Dark Pink,3047.234351578582,79,38.57258672884281
1,-2,-1,Yellow_vs_Dark Pink,3206.6507507641513,90,35.629452786268345
2,-2,-1,Yellow_vs_Dark Pink,3553.177781465146,114,31.168226153203033
1,-1,-2,Yellow_vs_Dark Pink,3022.4094411808924,74,40.84337082676882
2,-1,-2,Yellow_vs_Dark Pink,2952.997762931166,76,38.8552337227785
1,-2,-2,Yellow_vs_Dark Pink,3127.0454897112895,81,38.60549987297888
2,-2,-2,Yellow_vs_Dark Pink,3046.2491281057182,79,38.560115545642006
1,-1,-1,Yellow_vs_Orange,15287.293662434375,140,109.1949547316741
2,-1,-1,Yellow_vs_Orange,15515.826319530728,149,104.1330625471861
1,-2,-1,Yellow_vs_Orange,15805.360975120995,170,92.9727116183588
2,-2,-1,Yellow_vs_Orange,15608.371425408637,167,93.46330194855472
1,-1,-2,Yellow_vs_Orange,14766.984211673356,98,150.68351236401384
2,-1,-2,Yellow_vs_Orange,15535.80337043912,114,136.2789769336765
1,-2,-2,Yellow_vs_Orange,15112.74846394479,132,114.4905186662484
2,-2,-2,Yellow_vs_Orange,15287.007425765907,140,109.19291018404219
1,-1,-1,Yellow_vs_Pale Green,5404.868940018091,103,52.47445572833098
2,-1,-1,Yellow_vs_Pale Green,5366.188886449859,105,51.10656082333199
1,-2,-1,Yellow_vs_Pale Green,5654.485643042603,119,47.51668607598826
2,-2,-1,Yellow_vs_Pale Green,5693.3178975874835,117,48.66083673151695
1,-1,-2,Yellow_vs_Pale Green,5072.260507315225,88,57.63932394676392
2,-1,-2,Yellow_vs_Pale Green,5208.853160881727,92,56.617969140018765
1,-2,-2,Yellow_vs_Pale Green,5406.288396846963,103,52.488236862591876
2,-2,-2,Yellow_vs_Pale Green,5406.673369408654,103,52.49197446027819
1,-1,-1,Pale Blue_vs_Green,4485.513588013454,70,64.07876554304934
2,-1,-1,Pale Blue_vs_Green,4459.133038730905,70,63.70190055329865
1,-2,-1,Pale Blue_vs_Green,4624.574374659848,77,60.05940746311491
2,-2,-1,Pale Blue_vs_Green,4540.932702299905,73,62.204557565752125
1,-1,-2,Pale Blue_vs_Green,4245.768737902319,62,68.48014093390837
2,-1,-2,Pale Blue_vs_Green,4421.049513532845,62,71.30725021827169
1,-2,-2,Pale Blue_vs_Green,4330.618734251994,66,65.61543536745445
2,-2,-2,Pale Blue_vs_Green,4247.252889790085,65,65.34235215061669
1,-1,-1,Pale Blue_vs_Dark Pink,1669.9057941770727,78,21.409048643295804
2,-1,-1,Pale Blue_vs_Dark Pink,1668.3585341645437,78,21.38921197646851
1,-2,-1,Pale Blue_vs_Dark Pink,1681.0862938242874,79,21.27957333954794
2,-2,-1,Pale Blue_vs_Dark Pink,1703.892896730927,81,21.03571477445589
1,-1,-2,Pale Blue_vs_Dark Pink,1750.3580436159982,74,23.653487075891867
2,-1,-2,Pale Blue_vs_Dark Pink,1697.1032847712488,77,22.040302399626608
1,-2,-2,Pale Blue_vs_Dark Pink,1664.7363241601286,78,21.342773386668316
2,-2,-2,Pale Blue_vs_Dark Pink,1685.8785555326606,77,21.89452669522936
1,-1,-1,Pale Blue_vs_Orange,6897.693170695814,85,81.14933141995076
2,-1,-1,Pale Blue_vs_Orange,6820.888633163963,88,77.51009810413595
1,-2,-1,Pale Blue_vs_Orange,7062.796750280144,100,70.62796750280144
2,-2,-1,Pale Blue_vs_Orange,7105.128436426493,100,71.05128436426493
1,-1,-2,Pale Blue_vs_Orange,6558.098441551677,70,93.68712059359538
2,-1,-2,Pale Blue_vs_Orange,6580.568559586719,69,95.37055883459013
1,-2,-2,Pale Blue_vs_Orange,6892.4144381795495,81,85.0915362738216
2,-2,-2,Pale Blue_vs_Orange,6899.534128164877,85,81.1709897431162
1,-1,-1,Pale Blue_vs_Pale Green,2051.5809939214128,41,50.03856082735153
2,-1,-1,Pale Blue_vs_Pale Green,2051.5809939214128,41,50.03856082735153
1,-2,-1,Pale Blue_vs_Pale Green,2051.5809939214128,41,50.03856082735153
2,-2,-1,Pale Blue_vs_Pale Green,2051.5809939214128,41,50.03856082735153
1,-1,-2,Pale Blue_vs_Pale Green,2060.0499115768303,41,50.245119794556835
2,-1,-2,Pale Blue_vs_Pale Green,2059.3933619221493,41,50.22910638834511
1,-2,-2,Pale Blue_vs_Pale Green,2066.774543116833,41,50.40913519797153
2,-2,-2,Pale Blue_vs_Pale Green,2051.5809939214128,41,50.03856082735153
1,-1,-1,Green_vs_Dark Pink,1745.403268276156,79,22.093712256660204
2,-1,-1,Green_vs_Dark Pink,1704.1787063316483,78,21.84844495296985
1,-2,-1,Green_vs_Dark Pink,1908.7057966820812,86,22.194253449791642
2,-2,-1,Green_vs_Dark Pink,1758.5187656860503,81,21.7101082183463
1,-1,-2,Green_vs_Dark Pink,1700.8709244509098,74,22.984742222309592
2,-1,-2,Green_vs_Dark Pink,1677.1305921224618,74,22.663926920573807
1,-2,-2,Green_vs_Dark Pink,1682.074072631817,78,21.565052213228423
2,-2,-2,Green_vs_Dark Pink,1706.892579568018,78,21.883238199589975
1,-1,-1,Green_vs_Orange,8178.885902689515,81,100.97390003320389
2,-1,-1,Green_vs_Orange,8218.700564360952,95,86.51263751958896
1,-2,-1,Green_vs_Orange,9110.048822952198,116,78.53490364613964
2,-2,-1,Green_vs_Orange,9291.502731037683,115,80.7956759220668
1,-1,-2,Green_vs_Orange,7817.598601845361,66,118.44846366432365
2,-1,-2,Green_vs_Orange,8008.588638678645,72,111.23039775942563
1,-2,-2,Green_vs_Orange,8082.564509572859,91,88.81939021508636
2,-2,-2,Green_vs_Orange,8405.804077118817,86,97.74190787347462
1,-1,-1,Green_vs_Pale Green,2078.59529184619,63,32.99357606105063
2,-1,-1,Green_vs_Pale Green,2148.5351698141685,65,33.05438722791028
1,-2,-1,Green_vs_Pale Green,2111.4793193734154,64,32.991864365209615
2,-2,-1,Green_vs_Pale Green,2106.161392814147,64,32.908771762721045
1,-1,-2,Green_vs_Pale Green,2056.6198281605557,58,35.45896255449234
2,-1,-2,Green_vs_Pale Green,2083.511724485551,58,35.92261593940605
1,-2,-2,Green_vs_Pale Green,2115.110203017183,64,33.04859692214348
2,-2,-2,Green_vs_Pale Green,2078.59529184619,63,32.99357606105063
1,-1,-1,Dark Pink_vs_Orange,2482.1662716668548,79,31.419826223631073
2,-1,-1,Dark Pink_vs_Orange,2532.7643590807843,83,30.51523324193716
1,-2,-1,Dark Pink_vs_Orange,2619.4233574586615,92,28.471993015855016
2,-2,-1,Dark Pink_vs_Orange,2636.682030923857,92,28.65958729265062
1,-1,-2,Dark Pink_vs_Orange,2442.5917230671694,71,34.40270032488971
2,-1,-2,Dark Pink_vs_Orange,2411.8943904266134,75,32.15859187235485
1,-2,-2,Dark Pink_vs_Orange,2472.13680562087,80,30.901710070260872
2,-2,-2,Dark Pink_vs_Orange,2476.5728491550776,79,31.349023407026298
1,-1,-1,Dark Pink_vs_Pale Green,1778.402026755578,78,22.80002598404587
2,-1,-1,Dark Pink_vs_Pale Green,1811.1690348597654,79,22.926190314680575
1,-2,-1,Dark Pink_vs_Pale Green,1836.9125555489484,81,22.67793278455492
2,-2,-1,Dark Pink_vs_Pale Green,1816.6502422855583,79,22.995572687158965
1,-1,-2,Dark Pink_vs_Pale Green,1783.1936757494932,76,23.463074680914385
2,-1,-2,Dark Pink_vs_Pale Green,1756.6616107427449,76,23.113968562404537
1,-2,-2,Dark Pink_vs_Pale Green,1774.1259275346463,78,22.74520419916213
2,-2,-2,Dark Pink_vs_Pale Green,1782.0183932864438,77,23.143096016707062
1,-1,-1,Orange_vs_Pale Green,3449.741351399509,67,51.48867688655984
2,-1,-1,Orange_vs_Pale Green,3452.415458293437,68,50.77081556313878
1,-2,-1,Orange_vs_Pale Green,3567.9143540140835,75,47.57219138685445
2,-2,-1,Orange_vs_Pale Green,3561.5822109968462,73,48.7887974109157
1,-1,-2,Orange_vs_Pale Green,3302.061705676266,59,55.96714755383501
2,-1,-2,Orange_vs_Pale Green,3305.9182450111944,59,56.03251262730838
1,-2,-2,Orange_vs_Pale Green,3433.4589083497767,66,52.02210467196631
2,-2,-2,Orange_vs_Pale Green,3466.2315904360903,69,50.23524044110276
1,-1,-1,Blue_vs_Pink,10507.41553503172,98,107.2185258676706
2,-1,-1,Blue_vs_Pink,10864.192723510008,104,104.46339157221162
1,-2,-1,Blue_vs_Pink,11153.153493394131,112,99.58172761959045
2,-2,-1,Blue_vs_Pink,11144.319084660898,112,99.50284897018659
1,-1,-2,Blue_vs_Pink,10597.091291186898,80,132.46364113983623
2,-1,-2,Blue_vs_Pink,10336.978585757908,86,120.19742541578962
1,-2,-2,Blue_vs_Pink,10680.222427971283,100,106.80222427971283
2,-2,-2,Blue_vs_Pink,10504.254684480717,98,107.18627229061956
1,-1,-1,Blue_vs_Turquoise,2799.109758915653,55,50.89290470755733
2,-1,-1,Blue_vs_Turquoise,2918.1111257256725,67,43.55389739889063
1,-2,-1,Blue_vs_Turquoise,3044.704378074935,70,43.495776829641926
2,-2,-1,Blue_vs_Turquoise,2981.4146964018246,65,45.867918406181914
1,-1,-2,Blue_vs_Turquoise,2963.5225756282857,46,64.42440381800621
2,-1,-2,Blue_vs_Turquoise,2936.6049227022286,47,62.480955802175075
1,-2,-2,Blue_vs_Turquoise,2924.973939755461,58,50.4305851681976
2,-2,-2,Blue_vs_Turquoise,2924.2996036860586,58,50.41895868424239
1,-1,-1,Blue_vs_White,6703.427536599455,86,77.9468318209239
2,-1,-1,Blue_vs_White,6693.768108069618,95,70.46071692704861
1,-2,-1,Blue_vs_White,6807.804466953527,105,64.83623301860501
2,-2,-1,Blue_vs_White,7149.394999757484,113,63.26898229873879
1,-1,-2,Blue_vs_White,6426.809450995925,80,80.33511813744906
2,-1,-2,Blue_vs_White,6278.99037896365,80,78.48737973704563
1,-2,-2,Blue_vs_White,6645.084036953584,90,73.83426707726204
2,-2,-2,Blue_vs_White,6521.623622774745,86,75.83283282296215
1,-1,-1,Blue_vs_Yellow,13736.663845637979,125,109.89331076510383
2,-1,-1,Blue_vs_Yellow,14069.071827436339,132,106.58387748057832
1,-2,-1,Blue_vs_Yellow,14199.861882727384,141,100.70824030303109
2,-2,-1,Blue_vs_Yellow,14531.102470729777,142,102.33170754035054
1,-1,-2,Blue_vs_Yellow,13652.711536728037,96,142.21574517425037
2,-1,-2,Blue_vs_Yellow,13802.515202364357,96,143.7762000246287
1,-2,-2,Blue_vs_Yellow,13683.44740533811,123,111.24753988079763
2,-2,-2,Blue_vs_Yellow,13736.663845637979,125,109.89331076510383
1,-1,-1,Blue_vs_Pale Blue,4961.994593306478,50,99.23989186612957
2,-1,-1,Blue_vs_Pale Blue,5261.325130900472,56,93.95223448036556
1,-2,-1,Blue_vs_Pale Blue,5351.6519345757915,62,86.31696668670631
2,-2,-1,Blue_vs_Pale Blue,5629.438441251715,65,86.60674525002638
1,-1,-2,Blue_vs_Pale Blue,4833.558194698718,48,100.69912905622328
2,-1,-2,Blue_vs_Pale Blue,4821.209418932247,48,100.44186289442182
1,-2,-2,Blue_vs_Pale Blue,4961.994593306478,50,99.23989186612957
2,-2,-2,Blue_vs_Pale Blue,4927.22261622999,50,98.5444523245998
1,-1,-1,Blue_vs_Green,5187.530026271493,80,64.84412532839366
2,-1,-1,Blue_vs_Green,5168.752543303537,80,64.60940679129422
1,-2,-1,Blue_vs_Green,5847.923021667671,90,64.97692246297412
2,-2,-1,Blue_vs_Green,5333.214460435454,83,64.2555959088609
1,-1,-2,Blue_vs_Green,5043.43740799138,67,75.2751851939012
2,-1,-2,Blue_vs_Green,5010.229168895197,70,71.57470241278854
1,-2,-2,Blue_vs_Green,4952.673412742481,75,66.03564550323307
2,-2,-2,Blue_vs_Green,5147.432857211262,77,66.84977736638002
1,-1,-1,Blue_vs_Dark Pink,1729.351705713338,77,22.459113061212182
2,-1,-1,Blue_vs_Dark Pink,1778.0403501672922,79,22.506839875535345
1,-2,-1,Blue_vs_Dark Pink,1796.652077122552,79,22.742431355981672
2,-2,-1,Blue_vs_Dark Pink,1826.5171589588535,81,22.549594555047573
1,-1,-2,Blue_vs_Dark Pink,1806.8640105893526,76,23.77452645512306
2,-1,-2,Blue_vs_Dark Pink,1734.3003236549519,76,22.81974110072305
1,-2,-2,Blue_vs_Dark Pink,1767.9998901647773,79,22.379745445123763
2,-2,-2,Blue_vs_Dark Pink,1758.603771949817,78,22.546202204484832
1,-1,-1,Blue_vs_Orange,9290.25498030217,91,102.09071406925462
2,-1,-1,Blue_vs_Orange,9193.972235192798,90,102.15524705769775
1,-2,-1,Blue_vs_Orange,9774.706670713269,112,87.27416670279705
2,-2,-1,Blue_vs_Orange,9579.298508778149,99,96.76059099775908
1,-1,-2,Blue_vs_Orange,8931.57527798506,71,125.79683490119804
2,-1,-2,Blue_vs_Orange,8623.20796044411,72,119.76677722839041
1,-2,-2,Blue_vs_Orange,9181.27862852273,89,103.16043402834528
2,-2,-2,Blue_vs_Orange,8974.259152757968,89,100.83437250289852
1,-1,-1,Blue_vs_Pale Green,2226.6744230080285,52,42.820661980923624
2,-1,-1,Blue_vs_Pale Green,2147.361183555695,52,41.295407376071054
1,-2,-1,Blue_vs_Pale Green,2216.178195952775,54,41.040336962088425
2,-2,-1,Blue_vs_Pale Green,2202.4927197698917,54,40.78690221796096
1,-1,-2,Blue_vs_Pale Green,2154.145887552564,47,45.83289122452264
2,-1,-2,Blue_vs_Pale Green,2148.082710241754,47,45.70388745195221
1,-2,-2,Blue_vs_Pale Green,2114.5922514529047,49,43.15494390720214
2,-2,-2,Blue_vs_Pale Green,2117.0614791895478,49,43.20533630999077
1,-1,-1,Pink_vs_Turquoise,3783.6402894250477,71,53.290708301761235
2,-1,-1,Pink_vs_Turquoise,3899.1605223595193,85,45.872476733641406
1,-2,-1,Pink_vs_Turquoise,4053.4480959481416,100,40.534480959481414
2,-2,-1,Pink_vs_Turquoise,3916.413966454735,89,44.00465130848017
1,-1,-2,Pink_vs_Turquoise,3983.589880639381,64,62.24359188499033
2,-1,-2,Pink_vs_Turquoise,4003.5705535708994,63,63.54873894556983
1,-2,-2,Pink_vs_Turquoise,3842.433139355541,70,54.89190199079344
2,-2,-2,Pink_vs_Turquoise,3773.2237507859995,71,53.14399648994365
1,-1,-1,Pink_vs_White,7686.527207098081,93,82.65083018385033
2,-1,-1,Pink_vs_White,7646.2750987928885,105,72.82166760755132
1,-2,-1,Pink_vs_White,8568.843095095406,124,69.1035733475436
2,-2,-1,Pink_vs_White,8053.267508251211,115,70.02841311522792
1,-1,-2,Pink_vs_White,7266.877233702428,82,88.62045406954181
2,-1,-2,Pink_vs_White,7253.37594551586,81,89.54785117920814
1,-2,-2,Pink_vs_White,7513.432080278463,93,80.78959226105874
2,-2,-2,Pink_vs_White,7633.982902677354,89,85.77508879412757
1,-1,-1,Pink_vs_Yellow,22024.026381137912,157,140.28042280979562
2,-1,-1,Pink_vs_Yellow,23121.528090789343,174,132.88234534936404
1,-2,-1,Pink_vs_Yellow,23312.5552123446,179,130.2377386164503
2,-2,-1,Pink_vs_Yellow,23258.403575948767,178,130.66518862892565
1,-1,-2,Pink_vs_Yellow,21420.387254189212,99,216.36754802211325
2,-1,-2,Pink_vs_Yellow,21567.8626167148,100,215.678626167148
1,-2,-2,Pink_vs_Yellow,22289.873034937842,160,139.3117064683615
2,-2,-2,Pink_vs_Yellow,22383.871279790328,163,137.32436367969527
1,-1,-1,Pink_vs_Pale Blue,6709.1501586373215,89,75.38370964761036
2,-1,-1,Pink_vs_Pale Blue,6657.304913141509,91,73.15719684770889
1,-2,-1,Pink_vs_Pale Blue,6806.728859126465,99,68.75483696087339
2,-2,-1,Pink_vs_Pale Blue,6845.186487136639,99,69.14329784986504
1,-1,-2,Pink_vs_Pale Blue,6433.567804099979,77,83.55282862467506
2,-1,-2,Pink_vs_Pale Blue,6433.738980879717,77,83.55505169973658
1,-2,-2,Pink_vs_Pale Blue,6677.478245088912,88,75.88043460328309
2,-2,-2,Pink_vs_Pale Blue,6634.312222361033,88,75.389911617739
1,-1,-1,Pink_vs_Green,8610.04301194759,97,88.76333002007824
2,-1,-1,Pink_vs_Green,8107.726739426578,90,90.08585266029532
1,-2,-1,Pink_vs_Green,8882.340905559697,118,75.27407547084489
2,-2,-1,Pink_vs_Green,8480.217789969698,101,83.9625523759376
1,-1,-2,Pink_vs_Green,8023.212598756196,70,114.61732283937422
2,-1,-2,Pink_vs_Green,7990.645880801695,75,106.54194507735593
1,-2,-2,Pink_vs_Green,8287.009049589762,87,95.25297758149152
2,-2,-2,Pink_vs_Green,8497.96192837084,97,87.60785493165814
1,-1,-1,Pink_vs_Dark Pink,2368.4365077155358,79,29.9802089584245
2,-1,-1,Pink_vs_Dark Pink,2380.924758871963,82,29.0356677911215
1,-2,-1,Pink_vs_Dark Pink,2424.0484796811393,83,29.20540336965228
2,-2,-1,Pink_vs_Dark Pink,2480.3130689851955,90,27.559034099835507
1,-1,-2,Pink_vs_Dark Pink,2295.3897027892913,71,32.32943243365199
2,-1,-2,Pink_vs_Dark Pink,2332.8587218327234,77,30.296866517308096
1,-2,-2,Pink_vs_Dark Pink,2312.1165539338185,78,29.64251992222844
2,-2,-2,Pink_vs_Dark Pink,2375.2669874946023,79,30.066670727779776
1,-1,-1,Pink_vs_Orange,12949.886711629073,122,106.14661239040224
2,-1,-1,Pink_vs_Orange,12885.654863898822,125,103.08523891119059
1,-2,-1,Pink_vs_Orange,13178.290713784214,143,92.15587911737212
2,-2,-1,Pink_vs_Orange,13166.919915156912,143,92.07636304305532
1,-1,-2,Pink_vs_Orange,12160.340051080098,86,141.39930291953604
2,-1,-2,Pink_vs_Orange,12386.277694964934,91,136.11294170291137
1,-2,-2,Pink_vs_Orange,12295.361308417403,98,125.46287049405514
2,-2,-2,Pink_vs_Orange,12624.601802184403,106,119.10001700173964
1,-1,-1,Pink_vs_Pale Green,3589.749588795845,82,43.77743400970542
2,-1,-1,Pink_vs_Pale Green,3625.162412749227,83,43.67665557529189
1,-2,-1,Pink_vs_Pale Green,3730.8659093867864,90,41.454065659853185
2,-2,-1,Pink_vs_Pale Green,3575.8900919659914,85,42.0692951995999
1,-1,-2,Pink_vs_Pale Green,3542.390809867911,75,47.23187746490548
2,-1,-2,Pink_vs_Pale Green,3525.229695563703,78,45.19525250722696
1,-2,-2,Pink_vs_Pale Green,3620.4124830749333,81,44.69645040833251
2,-2,-2,Pink_vs_Pale Green,3530.8859931555357,83,42.540795098259466
1,-1,-1,Turquoise_vs_White,4729.235965925127,85,55.63807018735444
2,-1,-1,Turquoise_vs_White,4905.8480062270255,93,52.75105383039812
1,-2,-1,Turquoise_vs_White,5418.030208963111,115,47.11330616489662
2,-2,-1,Turquoise_vs_White,5100.910117038038,108,47.23064923183369
1,-1,-2,Turquoise_vs_White,4706.400234037179,74,63.60000316266458
2,-1,-2,Turquoise_vs_White,4829.894801533198,74,65.26884866936754
1,-2,-2,Turquoise_vs_White,4863.16797536773,82,59.306926528874754
2,-2,-2,Turquoise_vs_White,4825.028306070621,84,57.440813167507386
1,-1,-1,Turquoise_vs_Yellow,5291.0258626593795,105,50.3907225015179
2,-1,-1,Turquoise_vs_Yellow,5380.517034322532,117,45.987325079679756
1,-2,-1,Turquoise_vs_Yellow,5713.005763474574,140,40.80718402481839
2,-2,-1,Turquoise_vs_Yellow,5667.195557225882,139,40.77119105917901
1,-1,-2,Turquoise_vs_Yellow,4980.428850816308,90,55.33809834240343
2,-1,-2,Turquoise_vs_Yellow,5035.567547218,96,52.45382861685417
1,-2,-2,Turquoise_vs_Yellow,5249.644598809554,107,49.0620990542949
2,-2,-2,Turquoise_vs_Yellow,5284.479212341222,108,48.93036307723354
1,-1,-1,Turquoise_vs_Pale Blue,2916.948671842799,57,51.174538102505245
2,-1,-1,Turquoise_vs_Pale Blue,3083.569082726681,54,57.1031311616052
1,-2,-1,Turquoise_vs_Pale Blue,3067.1059564446014,79,38.82412603094432
2,-2,-1,Turquoise_vs_Pale Blue,3086.720712490283,68,45.39295165426887
1,-1,-2,Turquoise_vs_Pale Blue,2751.5871652072015,48,57.324732608483366
2,-1,-2,Turquoise_vs_Pale Blue,2824.697836917399,48,58.847871602445814
1,-2,-2,Turquoise_vs_Pale Blue,2989.704256016096,57,52.450951859931514
2,-2,-2,Turquoise_vs_Pale Blue,2914.71331424095,57,51.1353213024728
1,-1,-1,Turquoise_vs_Green,3155.2436236982185,69,45.72816845939447
2,-1,-1,Turquoise_vs_Green,3181.2850515036075,70,45.446929307194395
1,-2,-1,Turquoise_vs_Green,3281.801740536464,87,37.721859086626026
2,-2,-1,Turquoise_vs_Green,3309.848245856145,89,37.18930613321511
1,-1,-2,Turquoise_vs_Green,3099.809815087726,59,52.53914940826654
2,-1,-2,Turquoise_vs_Green,3099.7116121164754,59,52.5374849511267
1,-2,-2,Turquoise_vs_Green,3178.5214979029333,70,45.4074499700419
2,-2,-2,Turquoise_vs_Green,3172.5814724891775,69,45.97944163027793
1,-1,-1,Turquoise_vs_Dark Pink,2374.8451677932158,78,30.44673292042584
2,-1,-1,Turquoise_vs_Dark Pink,2361.0984995269596,78,30.27049358367897
1,-2,-1,Turquoise_vs_Dark Pink,2408.4923426560817,84,28.67252788876288
2,-2,-1,Turquoise_vs_Dark Pink,2376.4752972048555,84,28.291372585772088
1,-1,-2,Turquoise_vs_Dark Pink,2336.047294798096,71,32.902074574621075
2,-1,-2,Turquoise_vs_Dark Pink,2302.3169504610983,74,31.112391222447275
1,-2,-2,Turquoise_vs_Dark Pink,2305.037859988611,81,28.457257530723595
2,-2,-2,Turquoise_vs_Dark Pink,2357.2368945794283,77,30.6134661633692
1,-1,-1,Turquoise_vs_Orange,3992.2448401947995,73,54.68828548212054
2,-1,-1,Turquoise_vs_Orange,3894.9757489575554,76,51.249680907336256
1,-2,-1,Turquoise_vs_Orange,4270.331560489363,100,42.70331560489363
2,-2,-1,Turquoise_vs_Orange,4290.957037662778,100,42.909570376627784
1,-1,-2,Turquoise_vs_Orange,3975.8687874830316,53,75.01639221666098
2,-1,-2,Turquoise_vs_Orange,3804.914229303031,61,62.37564310332837
1,-2,-2,Turquoise_vs_Orange,3864.389434077998,69,56.005643972144895
2,-2,-2,Turquoise_vs_Orange,3863.8515681657286,75,51.51802090887638
1,-1,-1,Turquoise_vs_Pale Green,2557.858396313263,49,52.20119176149516
2,-1,-1,Turquoise_vs_Pale Green,2589.4436984133627,54,47.95266108172894
1,-2,-1,Turquoise_vs_Pale Green,2834.1061859939364,68,41.678032146969656
2,-2,-1,Turquoise_vs_Pale Green,2749.1844975384793,68,40.42918378733058
1,-1,-2,Turquoise_vs_Pale Green,2528.978819081442,40,63.22447047703605
2,-1,-2,Turquoise_vs_Pale Green,2547.8388468848616,42,60.6628296877348
1,-2,-2,Turquoise_vs_Pale Green,2557.858396313263,49,52.20119176149516
2,-2,-2,Turquoise_vs_Pale Green,2541.3194021772224,46,55.2460739603744
1,-1,-1,White_vs_Yellow,9746.526646484694,116,84.02178143521287
2,-1,-1,White_vs_Yellow,10113.00497646494,136,74.36033070930102
1,-2,-1,White_vs_Yellow,10347.156110028227,159,65.0764535221901
2,-2,-1,White_vs_Yellow,10433.50892736567,162,64.40437609484982
1,-1,-2,White_vs_Yellow,8972.379197803117,83,108.100954190399
2,-1,-2,White_vs_Yellow,8941.55217082879,81,110.38953297319495
1,-2,-2,White_vs_Yellow,9492.651367340086,100,94.92651367340086
2,-2,-2,White_vs_Yellow,9718.652281785295,116,83.78148518780426
1,-1,-1,White_vs_Pale Blue,6459.806625712975,83,77.82899549051777
2,-1,-1,White_vs_Pale Blue,6101.225939525166,83,73.50874625933935
1,-2,-1,White_vs_Pale Blue,6522.933849946534,93,70.13907365533908
2,-2,-1,White_vs_Pale Blue,6766.958316783937,103,65.6986244347955
1,-1,-2,White_vs_Pale Blue,6241.385732311317,79,79.00488268748502
2,-1,-2,White_vs_Pale Blue,6264.49845336613,79,79.29744877678645
1,-2,-2,White_vs_Pale Blue,6528.192133704515,86,75.90921085702925
2,-2,-2,White_vs_Pale Blue,6443.765859893826,83,77.63573325173284
1,-1,-1,White_vs_Green,6792.4609495403965,89,76.3197859498921
2,-1,-1,White_vs_Green,7405.8031466601815,107,69.21311352018861
1,-2,-1,White_vs_Green,7289.755251296094,107,68.12855375043078
2,-2,-1,White_vs_Green,7555.311571996667,115,65.69836149562319
1,-1,-2,White_vs_Green,6637.125771198703,79,84.014250268338
2,-1,-2,White_vs_Green,6621.277442850426,77,85.99061614091463
1,-2,-2,White_vs_Green,7278.407154436662,94,77.42986334507087
2,-2,-2,White_vs_Green,7109.570225465756,90,78.99522472739729
1,-1,-1,White_vs_Dark Pink,2818.99944463358,84,33.55951719801881
2,-1,-1,White_vs_Dark Pink,3099.6048341810992,100,30.996048341810994
1,-2,-1,White_vs_Dark Pink,3015.2589673218795,111,27.164495201098013
2,-2,-1,White_vs_Dark Pink,3191.7271284328062,115,27.754148942893966
1,-1,-2,White_vs_Dark Pink,2773.157561360577,77,36.015033264423074
2,-1,-2,White_vs_Dark Pink,2790.309477677614,77,36.2377854243846
1,-2,-2,White_vs_Dark Pink,2794.7432744636935,88,31.75844630072379
2,-2,-2,White_vs_Dark Pink,2818.99944463358,84,33.55951719801881
1,-1,-1,White_vs_Orange,8567.55606232983,93,92.12425873472935
2,-1,-1,White_vs_Orange,8602.561787530874,107,80.39777371524181
1,-2,-1,White_vs_Orange,9057.968511946734,120,75.48307093288945
2,-2,-1,White_vs_Orange,9350.313125649662,139,67.26843975287527
1,-1,-2,White_vs_Orange,8145.893071581331,79,103.11257052634596
2,-1,-2,White_vs_Orange,8057.34028444982,79,101.99164917025088
1,-2,-2,White_vs_Orange,8733.528948629995,99,88.21746412757571
2,-2,-2,White_vs_Orange,8655.110627773623,95,91.10642766077498
1,-1,-1,White_vs_Pale Green,4383.368042685024,77,56.926857697208106
2,-1,-1,White_vs_Pale Green,4386.289539062313,81,54.151722704473
1,-2,-1,White_vs_Pale Green,4387.211916986321,77,56.97677814267949
2,-2,-1,White_vs_Pale Green,4505.755133942309,90,50.06394593269232
1,-1,-2,White_vs_Pale Green,4325.33151693275,74,58.45042590449662
2,-1,-2,White_vs_Pale Green,4302.489323665853,74,58.14174761710612
1,-2,-2,White_vs_Pale Green,4435.662335883459,76,58.36397810372972
2,-2,-2,White_vs_Pale Green,4486.179392764578,76,59.02867622058655
1,-1,-1,Yellow_vs_Pale Blue,8874.2883317487,104,85.32969549758364
2,-1,-1,Yellow_vs_Pale Blue,9401.71985787853,119,79.00604922587
1,-2,-1,Yellow_vs_Pale Blue,9813.33479987942,134,73.23384179014492
2,-2,-1,Yellow_vs_Pale Blue,9777.962113440459,130,75.21509318031121
1,-1,-2,Yellow_vs_Pale Blue,8696.394106457832,93,93.50961404793368
2,-1,-2,Yellow_vs_Pale Blue,8768.481769874204,97,90.39671927705365
1,-2,-2,Yellow_vs_Pale Blue,9027.67298908472,102,88.50659793220314
2,-2,-2,Yellow_vs_Pale Blue,8994.806919981034,105,85.66482780934318
1,-1,-1,Yellow_vs_Green,11860.34688487429,123,96.42558442987227
2,-1,-1,Yellow_vs_Green,11715.61515723882,142,82.50433209323113
1,-2,-1,Yellow_vs_Green,11646.829350586673,146,79.7728037711416
2,-2,-1,Yellow_vs_Green,11806.785503066492,153,77.168532699781
1,-1,-2,Yellow_vs_Green,11310.362472151228,94,120.3230050228854
2,-1,-2,Yellow_vs_Green,11494.349547149846,98,117.28928109336577
1,-2,-2,Yellow_vs_Green,11985.637175177515,123,97.44420467623996
2,-2,-2,Yellow_vs_Green,11854.874191789026,123,96.38109099015468
1,-1,-1,Yellow_vs_Dark Pink,2882.4587302847326,80,36.03073412855916
2,-1,-1,Yellow_vs_Dark Pink,2883.799846848767,80,36.04749808560959
1,-2,-1,Yellow_vs_Dark Pink,2951.2755863889606,83,35.55753718540917
2,-2,-1,Yellow_vs_Dark Pink,2927.1732996799565,84,34.84730118666615
1,-1,-2,Yellow_vs_Dark Pink,2920.900133586318,77,37.933767968653484
2,-1,-2,Yellow_vs_Dark Pink,2829.8487398451143,77,36.751282335650835
1,-2,-2,Yellow_vs_Dark Pink,2850.771876115378,80,35.634648451442224
2,-2,-2,Yellow_vs_Dark Pink,2936.9787095367624,81,36.2589964140341
1,-1,-1,Yellow_vs_Orange,15476.884383168179,139,111.3444919652387
2,-1,-1,Yellow_vs_Orange,15550.389651817055,149,104.3650312202487
1,-2,-1,Yellow_vs_Orange,16576.776307048363,176,94.18622901732024
2,-2,-1,Yellow_vs_Orange,16473.648977029326,167,98.64460465287021
1,-1,-2,Yellow_vs_Orange,15020.740044555305,101,148.7201984609436
2,-1,-2,Yellow_vs_Orange,15390.174184021937,108,142.50161281501792
1,-2,-2,Yellow_vs_Orange,15471.117801546312,141,109.72423972727881
2,-2,-2,Yellow_vs_Orange,15499.419719609252,139,111.50661668783634
1,-1,-1,Yellow_vs_Pale Green,5355.696837396549,99,54.09794785249039
2,-1,-1,Yellow_vs_Pale Green,5400.557606015222,107,50.47250099079646
1,-2,-1,Yellow_vs_Pale Green,5556.340782789575,117,47.490092160594664
2,-2,-1,Yellow_vs_Pale Green,5655.167620204206,121,46.7369224810265
1,-1,-2,Yellow_vs_Pale Green,5086.279867135671,84,60.55095079923418
2,-1,-2,Yellow_vs_Pale Green,5063.81201619593,84,60.28347638328488
1,-2,-2,Yellow_vs_Pale Green,5401.019812863496,106,50.95301710248581
2,-2,-2,Yellow_vs_Pale Green,5357.183329666021,103,52.01148863753418
1,-1,-1,Pale Blue_vs_Green,4516.889415230239,71,63.618160777890694
2,-1,-1,Pale Blue_vs_Green,4512.095641844659,71,63.550642842882525
1,-2,-1,Pale Blue_vs_Green,4652.233652582462,75,62.02978203443283
2,-2,-1,Pale Blue_vs_Green,4602.010202348043,74,62.18932705875734
1,-1,-2,Pale Blue_vs_Green,4358.295736552749,62,70.29509252504434
2,-1,-2,Pale Blue_vs_Green,4427.8656650443645,62,71.41718814587685
1,-2,-2,Pale Blue_vs_Green,4453.217452470065,68,65.48849194808919
2,-2,-2,Pale Blue_vs_Green,4516.889415230239,71,63.618160777890694
1,-1,-1,Pale Blue_vs_Dark Pink,1635.6449113303222,79,20.70436596620661
2,-1,-1,Pale Blue_vs_Dark Pink,1627.7100557076972,78,20.86807763727817
1,-2,-1,Pale Blue_vs_Dark Pink,1622.5809416072352,83,19.54916797117151
2,-2,-1,Pale Blue_vs_Dark Pink,1612.3802455159664,81,19.90592895698724
1,-1,-2,Pale Blue_vs_Dark Pink,1629.0801043155761,71,22.944790201627832
2,-1,-2,Pale Blue_vs_Dark Pink,1621.9877338478314,76,21.341943866418834
1,-2,-2,Pale Blue_vs_Dark Pink,1608.7701008042031,77,20.893118192262378
2,-2,-2,Pale Blue_vs_Dark Pink,1572.867390410389,78,20.164966543722933
1,-1,-1,Pale Blue_vs_Orange,6796.665295713637,81,83.90944809523008
2,-1,-1,Pale Blue_vs_Orange,6817.94134108133,83,82.14387157929313
1,-2,-1,Pale Blue_vs_Orange,6983.1984376529535,92,75.90433084405385
2,-2,-1,Pale Blue_vs_Orange,7055.696314442666,90,78.39662571602963
1,-1,-2,Pale Blue_vs_Orange,7399.68338980021,68,108.81887337941485
2,-1,-2,Pale Blue_vs_Orange,6470.786901725859,71,91.13784368627971
1,-2,-2,Pale Blue_vs_Orange,7601.694529508413,81,93.84808061121498
2,-2,-2,Pale Blue_vs_Orange,6789.7630510260415,80,84.87203813782551
1,-1,-1,Pale Blue_vs_Pale Green,2387.8685094877264,47,50.805712967823965
2,-1,-1,Pale Blue_vs_Pale Green,2387.8685094877264,47,50.805712967823965
1,-2,-1,Pale Blue_vs_Pale Green,2387.8685094877264,47,50.805712967823965
2,-2,-1,Pale Blue_vs_Pale Green,2387.8685094877264,47,50.805712967823965
1,-1,-2,Pale Blue_vs_Pale Green,2401.438783594532,47,51.094442204138986
2,-1,-2,Pale Blue_vs_Pale Green,2400.2831652485606,47,51.06985457975661
1,-2,-2,Pale Blue_vs_Pale Green,2387.8685094877264,47,50.805712967823965
2,-2,-2,Pale Blue_vs_Pale Green,2387.8685094877264,47,50.805712967823965
1,-1,-1,Green_vs_Dark Pink,1793.8459095593232,79,22.70691024758637
2,-1,-1,Green_vs_Dark Pink,1780.589740119568,80,22.2573717514946
1,-2,-1,Green_vs_Dark Pink,1945.5983023549034,87,22.363198877642567
2,-2,-1,Green_vs_Dark Pink,1825.5418528309108,84,21.73264110512989
1,-1,-2,Green_vs_Dark Pink,1758.5823353835099,74,23.764626153831216
2,-1,-2,Green_vs_Dark Pink,1754.3863114765734,77,22.78423781138407
1,-2,-2,Green_vs_Dark Pink,1747.000005942774,79,22.1139241258579
2,-2,-2,Green_vs_Dark Pink,1780.589740119568,80,22.2573717514946
1,-1,-1,Green_vs_Orange,8423.769695905752,88,95.72465563529263
2,-1,-1,Green_vs_Orange,8648.135317482256,93,92.99070233851889
1,-2,-1,Green_vs_Orange,8868.878630604388,121,73.29651760830072
2,-2,-1,Green_vs_Orange,9270.292130467911,114,81.31835202164834
1,-1,-2,Green_vs_Orange,7847.575994060816,71,110.52923935296924
2,-1,-2,Green_vs_Orange,8316.05641243249,75,110.88075216576654
1,-2,-2,Green_vs_Orange,8608.219777182763,100,86.08219777182764
2,-2,-2,Green_vs_Orange,8304.092072231857,86,96.5592101422309
1,-1,-1,Green_vs_Pale Green,2218.596398521032,65,34.13225228493895
2,-1,-1,Green_vs_Pale Green,2218.596398521032,65,34.13225228493895
1,-2,-1,Green_vs_Pale Green,2295.2154569593627,67,34.25694711879646
2,-2,-1,Green_vs_Pale Green,2295.2154569593627,67,34.25694711879646
1,-1,-2,Green_vs_Pale Green,2191.3581107951186,59,37.14166289483252
2,-1,-2,Green_vs_Pale Green,2191.3581107951186,59,37.14166289483252
1,-2,-2,Green_vs_Pale Green,2202.575216817138,65,33.88577256641751
2,-2,-2,Green_vs_Pale Green,2202.575216817138,65,33.88577256641751
1,-1,-1,Dark Pink_vs_Orange,2447.379107455801,78,31.376655223792323
2,-1,-1,Dark Pink_vs_Orange,2487.8980480889895,80,31.09872560111237
1,-2,-1,Dark Pink_vs_Orange,2733.147010578018,97,28.176773304928023
2,-2,-1,Dark Pink_vs_Orange,2493.3624615994986,81,30.782252612339487
1,-1,-2,Dark Pink_vs_Orange,2473.7105009064107,71,34.84099297051283
2,-1,-2,Dark Pink_vs_Orange,2419.6264831618755,74,32.69765517786318
1,-2,-2,Dark Pink_vs_Orange,2488.061007682568,80,31.100762596032098
2,-2,-2,Dark Pink_vs_Orange,2519.4350334855835,79,31.891582702349158
1,-1,-1,Dark Pink_vs_Pale Green,1767.7892764738313,78,22.663965082997837
2,-1,-1,Dark Pink_vs_Pale Green,1772.926726854698,78,22.729829831470486
1,-2,-1,Dark Pink_vs_Pale Green,1869.1382961825561,83,22.51973850822357
2,-2,-1,Dark Pink_vs_Pale Green,1819.5572414824958,81,22.463669647932047
1,-1,-2,Dark Pink_vs_Pale Green,1783.13956579396,76,23.462362707815263
2,-1,-2,Dark Pink_vs_Pale Green,1748.5601916527758,76,23.00737094279968
1,-2,-2,Dark Pink_vs_Pale Green,1745.4473978767703,78,22.377530742009874
2,-2,-2,Dark Pink_vs_Pale Green,1749.2286617888333,77,22.717255347906924
1,-1,-1,Orange_vs_Pale Green,3741.4057439142653,80,46.767571798928316
2,-1,-1,Orange_vs_Pale Green,3748.3904668512496,77,48.68039567339285
1,-2,-1,Orange_vs_Pale Green,3806.962112982977,82,46.42636723149972
2,-2,-1,Orange_vs_Pale Green,3810.07048178962,82,46.4642741681661
1,-1,-2,Orange_vs_Pale Green,3717.1928946347684,70,53.10275563763955
2,-1,-2,Orange_vs_Pale Green,3717.6574512615766,70,53.109392160879665
1,-2,-2,Orange_vs_Pale Green,3753.7047153084336,75,50.04939620411245
2,-2,-2,Orange_vs_Pale Green,3737.34497083532,80,46.7168121354415
1,-1,-1,Blue_vs_Pink,10596.6825357743,97,109.2441498533433
2,-1,-1,Blue_vs_Pink,10700.40934224332,100,107.0040934224332
1,-2,-1,Blue_vs_Pink,11100.809529750426,111,100.00729306081465
2,-2,-1,Blue_vs_Pink,11100.160959531935,111,100.00145008587329
1,-1,-2,Blue_vs_Pink,10532.905379115518,83,126.90247444717492
2,-1,-2,Blue_vs_Pink,10227.529800185268,88,116.22192954755987
1,-2,-2,Blue_vs_Pink,10446.634932881576,101,103.43202903843144
2,-2,-2,Blue_vs_Pink,10892.799129236058,105,103.74094408796246
1,-1,-1,Blue_vs_Turquoise,2884.695303470199,57,50.608689534564895
2,-1,-1,Blue_vs_Turquoise,2859.5283188915787,57,50.167163489325944
1,-2,-1,Blue_vs_Turquoise,3028.6739670995094,64,47.323030735929834
2,-2,-1,Blue_vs_Turquoise,2979.0650753720547,64,46.547891802688355
1,-1,-2,Blue_vs_Turquoise,2851.9481508787017,47,60.67974789103621
2,-1,-2,Blue_vs_Turquoise,2993.654703444243,47,63.694780924345594
1,-2,-2,Blue_vs_Turquoise,2995.8821646463766,60,49.931369410772945
2,-2,-2,Blue_vs_Turquoise,2872.803937885432,57,50.40006908570933
1,-1,-1,Blue_vs_White,6572.90716233946,85,77.32831955693483
2,-1,-1,Blue_vs_White,6700.792912705339,92,72.83470557288412
1,-2,-1,Blue_vs_White,7715.39116314191,115,67.09035794036443
2,-2,-1,Blue_vs_White,6955.314166663842,102,68.18935457513571
1,-1,-2,Blue_vs_White,6618.164769502284,79,83.77423758863651
2,-1,-2,Blue_vs_White,6496.0438481163665,79,82.2284031407135
1,-2,-2,Blue_vs_White,6651.9672415901705,84,79.19008620940679
2,-2,-2,Blue_vs_White,6659.343430098704,85,78.34521682469064
1,-1,-1,Blue_vs_Yellow,14144.0390936421,129,109.64371390420233
2,-1,-1,Blue_vs_Yellow,14032.217383724292,128,109.62669831034603
1,-2,-1,Blue_vs_Yellow,14844.985255085163,151,98.31116062970307
2,-2,-1,Blue_vs_Yellow,14724.59424164692,148,99.49050163274947
1,-1,-2,Blue_vs_Yellow,13348.091514683829,91,146.68232433718492
2,-1,-2,Blue_vs_Yellow,13789.1507813621,96,143.6369873058552
1,-2,-2,Blue_vs_Yellow,13962.21120065177,124,112.59847742461105
2,-2,-2,Blue_vs_Yellow,14144.0390936421,129,109.64371390420233
1,-1,-1,Blue_vs_Pale Blue,4863.180621351329,50,97.26361242702659
2,-1,-1,Blue_vs_Pale Blue,5290.221563041083,63,83.97177084192195
1,-2,-1,Blue_vs_Pale Blue,5551.205669690774,66,84.10917681349657
2,-2,-1,Blue_vs_Pale Blue,5337.739133978943,63,84.72601799966576
1,-1,-2,Blue_vs_Pale Blue,4756.656848493856,48,99.09701767695533
2,-1,-2,Blue_vs_Pale Blue,4759.8932415651925,48,99.16444253260818
1,-2,-2,Blue_vs_Pale Blue,4863.180621351329,50,97.26361242702659
2,-2,-2,Blue_vs_Pale Blue,4861.509330926376,50,97.23018661852751
1,-1,-1,Blue_vs_Green,5175.024028436427,79,65.50663327134718
2,-1,-1,Blue_vs_Green,5247.320298432541,80,65.59150373040676
1,-2,-1,Blue_vs_Green,5106.555981847894,80,63.83194977309868
2,-2,-1,Blue_vs_Green,5458.204402519942,82,66.56346832341393
1,-1,-2,Blue_vs_Green,4913.652901049951,68,72.25960148602869
2,-1,-2,Blue_vs_Green,4839.67283845773,63,76.82020378504333
1,-2,-2,Blue_vs_Green,4909.795148148059,78,62.946091642923825
2,-2,-2,Blue_vs_Green,5175.47707484689,79,65.51236803603658
1,-1,-1,Blue_vs_Dark Pink,1749.1671614447519,78,22.42522001852246
2,-1,-1,Blue_vs_Dark Pink,1730.302107378457,78,22.18336035100586
1,-2,-1,Blue_vs_Dark Pink,1858.643765141205,84,22.12671148977625
2,-2,-1,Blue_vs_Dark Pink,1829.337000793147,82,22.308987814550573
1,-1,-2,Blue_vs_Dark Pink,1760.8841897646555,71,24.801185771333177
2,-1,-2,Blue_vs_Dark Pink,1698.2669876339303,74,22.949553886945004
1,-2,-2,Blue_vs_Dark Pink,1749.715837611014,79,22.14830174191157
2,-2,-2,Blue_vs_Dark Pink,1733.1019406972478,78,22.219255649964715
1,-1,-1,Blue_vs_Orange,8908.70231874677,90,98.98558131940855
2,-1,-1,Blue_vs_Orange,8831.526866865845,86,102.69217287053307
1,-2,-1,Blue_vs_Orange,9968.492784320035,115,86.682545950609
2,-2,-1,Blue_vs_Orange,9542.910480760496,99,96.39303515919693
1,-1,-2,Blue_vs_Orange,8908.550059001926,72,123.7298619305823
2,-1,-2,Blue_vs_Orange,8758.044412586145,72,121.63950573036313
1,-2,-2,Blue_vs_Orange,9212.01314056789,89,103.5057656243583
2,-2,-2,Blue_vs_Orange,9019.375547214533,88,102.49290394561969
1,-1,-1,Blue_vs_Pale Green,2201.7701394879145,50,44.035402789758294
2,-1,-1,Blue_vs_Pale Green,2225.3247122054595,50,44.50649424410919
1,-2,-1,Blue_vs_Pale Green,2335.934583550206,53,44.07423742547558
2,-2,-1,Blue_vs_Pale Green,2247.983184961181,53,42.41477707473926
1,-1,-2,Blue_vs_Pale Green,2385.864880744906,50,47.717297614898115
2,-1,-2,Blue_vs_Pale Green,2210.679318605174,48,46.05581913760779
1,-2,-2,Blue_vs_Pale Green,2294.4863059223326,51,44.98992756710456
2,-2,-2,Blue_vs_Pale Green,2225.221968857495,50,44.5044393771499
1,-1,-1,Pink_vs_Turquoise,3996.6870887622317,82,48.7400864483199
2,-1,-1,Pink_vs_Turquoise,3965.9621699566605,82,48.36539231654464
1,-2,-1,Pink_vs_Turquoise,4431.333752130927,109,40.65443809294428
2,-2,-1,Pink_vs_Turquoise,4101.109521796407,93,44.09795184727319
1,-1,-2,Pink_vs_Turquoise,4248.516054069912,75,56.64688072093215
2,-1,-2,Pink_vs_Turquoise,3921.8362580713983,76,51.60310865883419
1,-2,-2,Pink_vs_Turquoise,4145.444643835527,84,49.35053147423247
2,-2,-2,Pink_vs_Turquoise,4008.1838557824667,85,47.15510418567608
1,-1,-1,Pink_vs_White,7756.288960881231,103,75.30377631923525
2,-1,-1,Pink_vs_White,7670.661228663679,105,73.05391646346361
1,-2,-1,Pink_vs_White,8505.560002482278,130,65.42738463447905
2,-2,-1,Pink_vs_White,8009.322888876178,123,65.11644625102583
1,-1,-2,Pink_vs_White,7353.882195858503,80,91.92352744823128
2,-1,-2,Pink_vs_White,7063.276353946869,81,87.20094264131937
1,-2,-2,Pink_vs_White,7781.459283586388,99,78.60059882410492
2,-2,-2,Pink_vs_White,7762.737684241775,102,76.10527141413505
1,-1,-1,Pink_vs_Yellow,22292.75927490796,161,138.4643433224097
2,-1,-1,Pink_vs_Yellow,22669.003626101832,171,132.5672726672622
1,-2,-1,Pink_vs_Yellow,23802.47416554175,185,128.66202251644188
2,-2,-1,Pink_vs_Yellow,22751.842265319134,170,133.83436626658315
1,-1,-2,Pink_vs_Yellow,21309.953142041755,99,215.25205193981571
2,-1,-2,Pink_vs_Yellow,21275.726547893908,96,221.62215154056153
1,-2,-2,Pink_vs_Yellow,22233.50799658328,158,140.71840504166633
2,-2,-2,Pink_vs_Yellow,22311.384328405773,167,133.60110376290882
1,-1,-1,Pink_vs_Pale Blue,6541.64940585908,89,73.50167871751775
2,-1,-1,Pink_vs_Pale Blue,6726.329119611857,100,67.26329119611857
1,-2,-1,Pink_vs_Pale Blue,7047.398040009002,100,70.47398040009003
2,-2,-1,Pink_vs_Pale Blue,6659.673491046064,101,65.93736129748578
1,-1,-2,Pink_vs_Pale Blue,6596.56285137762,71,92.90933593489606
2,-1,-2,Pink_vs_Pale Blue,6432.925664011011,82,78.45031297574403
1,-2,-2,Pink_vs_Pale Blue,6627.922928066577,87,76.18302216168479
2,-2,-2,Pink_vs_Pale Blue,6563.80755148569,88,74.58872217597376
1,-1,-1,Pink_vs_Green,8526.991757622662,95,89.75780797497539
2,-1,-1,Pink_vs_Green,9037.748437510922,105,86.07379464296116
1,-2,-1,Pink_vs_Green,9660.453199758635,127,76.06656062802074
2,-2,-1,Pink_vs_Green,9558.892839458344,126,75.86422888459003
1,-1,-2,Pink_vs_Green,8534.423655106164,86,99.23748436169959
2,-1,-2,Pink_vs_Green,8594.238244077382,78,110.18254159073567
1,-2,-2,Pink_vs_Green,8699.820308806558,93,93.54645493340385
2,-2,-2,Pink_vs_Green,8532.098024789078,95,89.8115581556745
1,-1,-1,Pink_vs_Dark Pink,2344.775507335356,80,29.30969384169195
2,-1,-1,Pink_vs_Dark Pink,2361.568146217959,82,28.799611539243404
1,-2,-1,Pink_vs_Dark Pink,2541.819649561753,97,26.204326284141786
2,-2,-1,Pink_vs_Dark Pink,2410.7850945089476,86,28.032384819871485
1,-1,-2,Pink_vs_Dark Pink,2286.5681838095034,72,31.75789144179866
2,-1,-2,Pink_vs_Dark Pink,2342.0771986917266,77,30.41658699599645
1,-2,-2,Pink_vs_Dark Pink,2313.3830787322054,77,30.043936087431238
2,-2,-2,Pink_vs_Dark Pink,2349.091935151075,79,29.735340951279433
1,-1,-1,Pink_vs_Orange,12906.117164805626,120,107.55097637338022
2,-1,-1,Pink_vs_Orange,12790.935846142382,126,101.51536385827288
1,-2,-1,Pink_vs_Orange,13438.38033150975,148,90.79986710479561
2,-2,-1,Pink_vs_Orange,13123.197144721562,143,91.77060940364728
1,-1,-2,Pink_vs_Orange,12348.967764683002,88,140.32917914412502
2,-1,-2,Pink_vs_Orange,12561.815329902221,94,133.63633329683213
1,-2,-2,Pink_vs_Orange,12671.324230512375,115,110.18542809141195
2,-2,-2,Pink_vs_Orange,12902.650303973034,120,107.52208586644196
1,-1,-1,Pink_vs_Pale Green,4022.369739387907,91,44.201865267998976
2,-1,-1,Pink_vs_Pale Green,4094.346737099453,96,42.6494451781193
1,-2,-1,Pink_vs_Pale Green,4144.8219387911395,96,43.17522852907437
2,-2,-1,Pink_vs_Pale Green,4077.796496710348,96,42.47704684073279
1,-1,-2,Pink_vs_Pale Green,4102.462467967904,84,48.838838904379806
2,-1,-2,Pink_vs_Pale Green,3997.600541572269,85,47.03059460673258
1,-2,-2,Pink_vs_Pale Green,4147.406991845988,93,44.59577410587084
2,-2,-2,Pink_vs_Pale Green,4013.355906578636,94,42.695275601900384
1,-1,-1,Turquoise_vs_White,4392.954547091527,70,62.75649352987896
2,-1,-1,Turquoise_vs_White,4464.279623853837,71,62.87717780075826
1,-2,-1,Turquoise_vs_White,5064.131916397736,105,48.229827775216535
2,-2,-1,Turquoise_vs_White,4747.012220042649,92,51.59795891350705
1,-1,-2,Turquoise_vs_White,4158.255277776234,61,68.16811930780712
2,-1,-2,Turquoise_vs_White,4192.606507362143,62,67.6226856026152
1,-2,-2,Turquoise_vs_White,4253.358602961416,70,60.76226575659166
2,-2,-2,Turquoise_vs_White,4240.4607682580645,71,59.724799552930484
1,-1,-1,Turquoise_vs_Yellow,4937.615417401262,100,49.37615417401262
2,-1,-1,Turquoise_vs_Yellow,5120.203972508443,111,46.12796371629228
1,-2,-1,Turquoise_vs_Yellow,5426.024807215489,130,41.73865236319607
2,-2,-1,Turquoise_vs_Yellow,5228.700027583016,125,41.829600220664126
1,-1,-2,Turquoise_vs_Yellow,4800.4189761873695,82,58.541694831553286
2,-1,-2,Turquoise_vs_Yellow,4863.8903279279875,86,56.55686427823241
1,-2,-2,Turquoise_vs_Yellow,4837.4606170800835,97,49.87072801113488
2,-2,-2,Turquoise_vs_Yellow,4901.313083393843,100,49.01313083393843
1,-1,-1,Turquoise_vs_Pale Blue,3143.615373090992,49,64.15541577736718
2,-1,-1,Turquoise_vs_Pale Blue,2969.727120009503,51,58.229943529598096
1,-2,-1,Turquoise_vs_Pale Blue,2985.787328915571,51,58.54484958657982
2,-2,-1,Turquoise_vs_Pale Blue,3218.4980596356277,67,48.037284472173546
1,-1,-2,Turquoise_vs_Pale Blue,2705.8583391127604,47,57.571454023675756
2,-1,-2,Turquoise_vs_Pale Blue,3162.9392394540123,49,64.54978039702065
1,-2,-2,Turquoise_vs_Pale Blue,2953.335019637616,59,50.05652575656976
2,-2,-2,Turquoise_vs_Pale Blue,3116.3641213541337,48,64.92425252821111
1,-1,-1,Turquoise_vs_Green,3283.9822286832923,70,46.91403183833275
2,-1,-1,Turquoise_vs_Green,3282.2025381911253,72,45.58614636376563
1,-2,-1,Turquoise_vs_Green,3532.5342583489196,89,39.691396161223814
2,-2,-1,Turquoise_vs_Green,3491.2412734188147,82,42.57611309047335
1,-1,-2,Turquoise_vs_Green,3257.927581466485,60,54.29879302444142
2,-1,-2,Turquoise_vs_Green,3257.927581466485,60,54.29879302444142
1,-2,-2,Turquoise_vs_Green,3283.9822286832923,70,46.91403183833275
2,-2,-2,Turquoise_vs_Green,3283.9822286832923,70,46.91403183833275
1,-1,-1,Turquoise_vs_Dark Pink,2375.3843559987304,79,30.06815640504722
2,-1,-1,Turquoise_vs_Dark Pink,2372.6951749249524,78,30.41916890929426
1,-2,-1,Turquoise_vs_Dark Pink,2478.3112463403418,86,28.81757263186444
2,-2,-1,Turquoise_vs_Dark Pink,2355.5495808346896,79,29.81708330170493
1,-1,-2,Turquoise_vs_Dark Pink,2332.686530235527,74,31.52279094912874
2,-1,-2,Turquoise_vs_Dark Pink,2382.0507712145786,76,31.342773305454983
1,-2,-2,Turquoise_vs_Dark Pink,2366.4614633736965,78,30.339249530432006
2,-2,-2,Turquoise_vs_Dark Pink,2413.6871318066223,79,30.553001668438256
1,-1,-1,Turquoise_vs_Orange,3961.8849865540333,77,51.453051773429
2,-1,-1,Turquoise_vs_Orange,3986.8926531094025,80,49.83615816386753
1,-2,-1,Turquoise_vs_Orange,4227.592090931037,98,43.138694805418744
2,-2,-1,Turquoise_vs_Orange,4200.999874387101,96,43.76041535819897
1,-1,-2,Turquoise_vs_Orange,3812.8740194967363,52,73.32450037493723
2,-1,-2,Turquoise_vs_Orange,3953.5865535344624,59,67.00994158532987
1,-2,-2,Turquoise_vs_Orange,4123.160494160916,76,54.25211176527521
2,-2,-2,Turquoise_vs_Orange,3936.2093094407014,72,54.66957374223196
1,-1,-1,Turquoise_vs_Pale Green,2525.424923009594,45,56.12055384465764
2,-1,-1,Turquoise_vs_Pale Green,2579.7246011496927,54,47.77267779906838
1,-2,-1,Turquoise_vs_Pale Green,2667.900474015544,60,44.46500790025907
2,-2,-1,Turquoise_vs_Pale Green,2743.6850657853943,68,40.34830979096168
1,-1,-2,Turquoise_vs_Pale Green,2554.2061637544934,41,62.29771131108521
2,-1,-2,Turquoise_vs_Pale Green,2550.164027004126,44,57.958273341002865
1,-2,-2,Turquoise_vs_Pale Green,2483.4378722482056,47,52.839103664855436
2,-2,-2,Turquoise_vs_Pale Green,2483.813283454514,47,52.84709113733008
1,-1,-1,White_vs_Yellow,10620.108238964287,124,85.64603418519586
2,-1,-1,White_vs_Yellow,10869.551824911881,136,79.9231751831756
1,-2,-1,White_vs_Yellow,11720.56600408939,177,66.21788702875362
2,-2,-1,White_vs_Yellow,11319.68886152723,170,66.58640506780723
1,-1,-2,White_vs_Yellow,9511.435552757512,83,114.59560906936761
2,-1,-2,White_vs_Yellow,9626.20473594695,84,114.59767542793989
1,-2,-2,White_vs_Yellow,10230.03828511887,106,96.50979514263085
2,-2,-2,White_vs_Yellow,10494.807420194691,119,88.19165899323269
1,-1,-1,White_vs_Pale Blue,6441.12691045103,83,77.6039386801329
2,-1,-1,White_vs_Pale Blue,6349.084395373358,87,72.9779815560156
1,-2,-1,White_vs_Pale Blue,6712.3557759872765,95,70.65637658933976
2,-2,-1,White_vs_Pale Blue,6414.19366506958,93,68.96982435558688
1,-1,-2,White_vs_Pale Blue,6246.386352989487,79,79.06818168341123
2,-1,-2,White_vs_Pale Blue,6252.137764952985,79,79.14098436649348
1,-2,-2,White_vs_Pale Blue,6437.038278008263,82,78.50046680497881
2,-2,-2,White_vs_Pale Blue,6444.597312496989,84,76.7213965773451
1,-1,-1,White_vs_Green,7082.842963629307,95,74.55624172241376
2,-1,-1,White_vs_Green,7084.461653780621,106,66.83454390359077
1,-2,-1,White_vs_Green,7591.055959928483,116,65.44013758559038
2,-2,-1,White_vs_Green,7337.993837435392,114,64.3683669950473
1,-1,-2,White_vs_Green,6771.502543624672,80,84.6437817953084
2,-1,-2,White_vs_Green,6559.16604191813,79,83.02741825212823
1,-2,-2,White_vs_Green,7024.6798774278095,94,74.73063699391287
2,-2,-2,White_vs_Green,7127.035557968817,93,76.63479094590126
1,-1,-1,White_vs_Dark Pink,2787.2608294203087,82,33.99098572463791
2,-1,-1,White_vs_Dark Pink,2814.6687623327757,83,33.911671835334644
1,-2,-1,White_vs_Dark Pink,2960.613383391702,104,28.467436378766365
2,-2,-1,White_vs_Dark Pink,3017.64607148429,100,30.1764607148429
1,-1,-2,White_vs_Dark Pink,2725.972040996846,74,36.83746001347089
2,-1,-2,White_vs_Dark Pink,2752.4120658768616,77,35.745611245154045
1,-2,-2,White_vs_Dark Pink,2736.144927000288,85,32.189940317650446
2,-2,-2,White_vs_Dark Pink,2801.4051405107457,80,35.01756425638432
1,-1,-1,White_vs_Orange,8593.600945341297,94,91.42128665256699
2,-1,-1,White_vs_Orange,8867.403945466489,114,77.78424513567096
1,-2,-1,White_vs_Orange,9502.669347775984,128,74.23960427949987
2,-2,-1,White_vs_Orange,9523.16020221497,135,70.54192742381458
1,-1,-2,White_vs_Orange,8101.482472418027,79,102.55041104326617
2,-1,-2,White_vs_Orange,8164.240982046114,79,103.34482255754575
1,-2,-2,White_vs_Orange,8680.586865784979,93,93.33964371811805
2,-2,-2,White_vs_Orange,8541.936924851781,93,91.84878413819119
1,-1,-1,White_vs_Pale Green,4202.662802606646,77,54.58003639748892
2,-1,-1,White_vs_Pale Green,4238.040133198291,77,55.03948224932846
1,-2,-1,White_vs_Pale Green,4200.192314743556,76,55.2656883518889
2,-2,-1,White_vs_Pale Green,4198.1839865515985,78,53.82287162245639
1,-1,-2,White_vs_Pale Green,4286.397260738287,74,57.92428730727414
2,-1,-2,White_vs_Pale Green,4232.386123211756,74,57.194407070429136
1,-2,-2,White_vs_Pale Green,4281.190276500908,76,56.331451006590896
2,-2,-2,White_vs_Pale Green,4306.978410578621,76,56.670768560245016
1,-1,-1,Yellow_vs_Pale Blue,9513.880311938821,115,82.72939401685932
2,-1,-1,Yellow_vs_Pale Blue,9508.894907649577,118,80.58385514957268
1,-2,-1,Yellow_vs_Pale Blue,10057.337426878057,137,73.41122209400042
2,-2,-1,Yellow_vs_Pale Blue,10069.570914130793,137,73.50051762139265
1,-1,-2,Yellow_vs_Pale Blue,8994.990352675159,94,95.6913867305868
2,-1,-2,Yellow_vs_Pale Blue,9006.27581801315,94,95.81144487248031
1,-2,-2,Yellow_vs_Pale Blue,9463.664318944679,113,83.74924176057237
2,-2,-2,Yellow_vs_Pale Blue,9442.918679795424,115,82.11233634604717
1,-1,-1,Yellow_vs_Green,11468.844998791725,125,91.7507599903338
2,-1,-1,Yellow_vs_Green,11589.913091970624,138,83.984877478048
1,-2,-1,Yellow_vs_Green,11354.691243663383,142,79.96261439199566
2,-2,-1,Yellow_vs_Green,11354.884343965681,142,79.96397425327945
1,-1,-2,Yellow_vs_Green,11233.609671912844,98,114.62867012155962
2,-1,-2,Yellow_vs_Green,11531.18705712754,103,111.9532723992965
1,-2,-2,Yellow_vs_Green,11542.230708005181,123,93.83927404882262
2,-2,-2,Yellow_vs_Green,11549.050368790264,125,92.39240295032211
1,-1,-1,Yellow_vs_Dark Pink,3298.2812477830653,86,38.352107532361224
2,-1,-1,Yellow_vs_Dark Pink,3320.8353522648504,88,37.736765366646026
1,-2,-1,Yellow_vs_Dark Pink,3314.0397109756423,92,36.02217077147437
2,-2,-1,Yellow_vs_Dark Pink,3248.2322995537934,87,37.33600344314705
1,-1,-2,Yellow_vs_Dark Pink,3190.5810211744156,80,39.88226276468019
2,-1,-2,Yellow_vs_Dark Pink,3156.8401176698867,79,39.960001489492235
1,-2,-2,Yellow_vs_Dark Pink,3176.7324759410417,82,38.74063995050051
2,-2,-2,Yellow_vs_Dark Pink,3282.684678208818,85,38.61981974363315
1,-1,-1,Yellow_vs_Orange,15722.090622874599,145,108.4282111922386
2,-1,-1,Yellow_vs_Orange,15779.613433749664,154,102.46502229707575
1,-2,-1,Yellow_vs_Orange,16287.367063997328,178,91.50206215728836
2,-2,-1,Yellow_vs_Orange,16024.853372598489,175,91.57059070056279
1,-1,-2,Yellow_vs_Orange,14958.391494637019,96,155.8165780691356
2,-1,-2,Yellow_vs_Orange,15584.24519195355,107,145.6471513266687
1,-2,-2,Yellow_vs_Orange,15985.762693999135,151,105.86597810595454
2,-2,-2,Yellow_vs_Orange,15722.494384976619,150,104.81662923317745
1,-1,-1,Yellow_vs_Pale Green,5339.4577160052695,104,51.340939576973746
2,-1,-1,Yellow_vs_Pale Green,5280.4564488254055,106,49.815626875711374
1,-2,-1,Yellow_vs_Pale Green,5492.407298677415,113,48.6053743245789
2,-2,-1,Yellow_vs_Pale Green,5283.119345953109,115,45.94016822567921
1,-1,-2,Yellow_vs_Pale Green,4940.2577009639535,87,56.78457127544774
2,-1,-2,Yellow_vs_Pale Green,5055.823233926845,91,55.55849707611918
1,-2,-2,Yellow_vs_Pale Green,5394.883988851337,106,50.89513197029563
2,-2,-2,Yellow_vs_Pale Green,5412.387672975932,106,51.06026106581068
1,-1,-1,Pale Blue_vs_Green,4360.330470310755,68,64.12250691633463
2,-1,-1,Pale Blue_vs_Green,4352.435708056469,68,64.00640747141865
1,-2,-1,Pale Blue_vs_Green,4685.326935808201,76,61.64903862905527
2,-2,-1,Pale Blue_vs_Green,4686.658145752525,76,61.666554549375334
1,-1,-2,Pale Blue_vs_Green,4370.486658750242,62,70.49172030242326
2,-1,-2,Pale Blue_vs_Green,4383.890916935394,63,69.58557011008561
1,-2,-2,Pale Blue_vs_Green,4360.330470310755,68,64.12250691633463
2,-2,-2,Pale Blue_vs_Green,4360.330470310755,68,64.12250691633463
1,-1,-1,Pale Blue_vs_Dark Pink,1739.2656667858475,79,22.016021098555033
2,-1,-1,Pale Blue_vs_Dark Pink,1693.372601923398,79,21.435096226878454
1,-2,-1,Pale Blue_vs_Dark Pink,1747.1590424460096,83,21.050108945132646
2,-2,-1,Pale Blue_vs_Dark Pink,1742.8638973452407,79,22.06156832082583
1,-1,-2,Pale Blue_vs_Dark Pink,1758.1734536067502,76,23.133861231667765
2,-1,-2,Pale Blue_vs_Dark Pink,1711.463285379246,76,22.51925375499008
1,-2,-2,Pale Blue_vs_Dark Pink,1692.6828909035535,78,21.70106270389171
2,-2,-2,Pale Blue_vs_Dark Pink,1699.5070175285614,79,21.512747057323562
1,-1,-1,Pale Blue_vs_Orange,6620.837225591823,78,84.8825285332285
2,-1,-1,Pale Blue_vs_Orange,6763.111948786848,85,79.5660229269041
1,-2,-1,Pale Blue_vs_Orange,7266.007892101286,106,68.54724426510647
2,-2,-1,Pale Blue_vs_Orange,7410.96181860752,107,69.26132540754692
1,-1,-2,Pale Blue_vs_Orange,6562.712890154217,70,93.75304128791738
2,-1,-2,Pale Blue_vs_Orange,6628.80174092393,70,94.69716772748471
1,-2,-2,Pale Blue_vs_Orange,6793.339962419556,82,82.84560929779947
2,-2,-2,Pale Blue_vs_Orange,6697.599590896491,82,81.67804379142062
1,-1,-1,Pale Blue_vs_Pale Green,2306.8125691211735,48,48.05859519002445
2,-1,-1,Pale Blue_vs_Pale Green,2306.5963443244686,48,48.05409050675976
1,-2,-1,Pale Blue_vs_Pale Green,2255.2891286373856,48,46.98519017994553
2,-2,-1,Pale Blue_vs_Pale Green,2260.3336270814875,48,47.09028389753099
1,-1,-2,Pale Blue_vs_Pale Green,2219.139871223022,46,48.24217111354396
2,-1,-2,Pale Blue_vs_Pale Green,2223.115361051849,46,48.32859480547498
1,-2,-2,Pale Blue_vs_Pale Green,2216.959799101559,47,47.169357427692745
2,-2,-2,Pale Blue_vs_Pale Green,2216.959799101559,47,47.169357427692745
1,-1,-1,Green_vs_Dark Pink,1798.4197797906456,78,23.056663843469817
2,-1,-1,Green_vs_Dark Pink,1773.1607406460869,78,22.732830008283166
1,-2,-1,Green_vs_Dark Pink,1825.6721403584295,80,22.820901754480367
2,-2,-1,Green_vs_Dark Pink,1820.8774285067213,83,21.938282271165317
1,-1,-2,Green_vs_Dark Pink,1742.1828523831207,76,22.92345858398843
2,-1,-2,Green_vs_Dark Pink,1742.7245841817576,74,23.5503322186724
1,-2,-2,Green_vs_Dark Pink,1754.437797332678,79,22.20807338395795
2,-2,-2,Green_vs_Dark Pink,1787.2863359880441,79,22.623877670734736
1,-1,-1,Green_vs_Orange,8551.121719174607,88,97.17183771789327
2,-1,-1,Green_vs_Orange,8451.577397344336,93,90.87717631553049
1,-2,-1,Green_vs_Orange,9204.774701906623,120,76.70645584922185
2,-2,-1,Green_vs_Orange,9060.100851341065,112,80.89375760125951
1,-1,-2,Green_vs_Orange,8115.117705683258,71,114.29743247441208
2,-1,-2,Green_vs_Orange,8054.688610702884,71,113.446318460604
1,-2,-2,Green_vs_Orange,8422.869644567942,87,96.81459361572347
2,-2,-2,Green_vs_Orange,8157.827377853456,80,101.9728422231682
1,-1,-1,Green_vs_Pale Green,2241.395969963976,58,38.64475810282717
2,-1,-1,Green_vs_Pale Green,2417.286448452581,63,38.369626165913985
1,-2,-1,Green_vs_Pale Green,2394.936223983634,63,38.01486069815292
2,-2,-1,Green_vs_Pale Green,2416.012949952622,63,38.34941190400987
1,-1,-2,Green_vs_Pale Green,2228.59799083077,55,40.519963469650364
2,-1,-2,Green_vs_Pale Green,2228.59799083077,55,40.519963469650364
1,-2,-2,Green_vs_Pale Green,2270.510445054268,58,39.14673181128048
2,-2,-2,Green_vs_Pale Green,2238.4329101363865,58,38.59367086442045
1,-1,-1,Dark Pink_vs_Orange,2499.4810263277013,77,32.460792549710405
2,-1,-1,Dark Pink_vs_Orange,2536.762329328085,78,32.522593965744676
1,-2,-1,Dark Pink_vs_Orange,2690.526549813389,89,30.230635391161673
2,-2,-1,Dark Pink_vs_Orange,2547.8225278346454,79,32.25091807385627
1,-1,-2,Dark Pink_vs_Orange,2512.4995569280754,71,35.38731770321233
2,-1,-2,Dark Pink_vs_Orange,2486.5102401492227,76,32.717240001963454
1,-2,-2,Dark Pink_vs_Orange,2499.368728862139,79,31.637578846356192
2,-2,-2,Dark Pink_vs_Orange,2542.9222933177043,78,32.60156786304749
1,-1,-1,Dark Pink_vs_Pale Green,1799.717864359961,79,22.781238789366594
2,-1,-1,Dark Pink_vs_Pale Green,1761.2135596961075,78,22.57966102174497
1,-2,-1,Dark Pink_vs_Pale Green,1879.6484976610627,83,22.64636744169955
2,-2,-1,Dark Pink_vs_Pale Green,1821.157326336235,81,22.483423781928828
1,-1,-2,Dark Pink_vs_Pale Green,1759.14537325691,71,24.77669539798465
2,-1,-2,Dark Pink_vs_Pale Green,1749.547086795066,76,23.020356405198235
1,-2,-2,Dark Pink_vs_Pale Green,1756.557415909909,78,22.51996687063986
2,-2,-2,Dark Pink_vs_Pale Green,1806.199369952658,79,22.863283163957696
1,-1,-1,Orange_vs_Pale Green,3601.7205367519323,71,50.72845826411172
2,-1,-1,Orange_vs_Pale Green,3674.162872204632,75,48.988838296061765
1,-2,-1,Orange_vs_Pale Green,3817.077489919799,80,47.713468623997485
2,-2,-1,Orange_vs_Pale Green,3690.9798709672964,84,43.94023655913448
1,-1,-2,Orange_vs_Pale Green,3663.7499272722844,68,53.878675401063006
2,-1,-2,Orange_vs_Pale Green,3649.791236404171,68,53.673400535355455
1,-2,-2,Orange_vs_Pale Green,3696.6973285257,72,51.343018451745834
2,-2,-2,Orange_vs_Pale Green,3814.9375589947103,78,48.90945588454757
