lambda,max_scale,pair,score,length,norm_score
0,1,Blue_vs_Pink,11084.215829406976,103,107.61374591657258
50,1,Blue_vs_Pink,11084.215829406976,103,107.61374591657258
100,1,Blue_vs_Pink,11084.215829406976,103,107.61374591657258
0,1.25,Blue_vs_Pink,10828.002940500217,101,107.20794990594274
50,1.25,Blue_vs_Pink,10828.002940500217,101,107.20794990594274
100,1.25,Blue_vs_Pink,10828.002940500217,101,107.20794990594274
0,1.5,Blue_vs_Pink,10949.07208914757,121,90.48819908386422
50,1.5,Blue_vs_Pink,10949.07208914757,121,90.48819908386422
100,1.5,Blue_vs_Pink,10949.07208914757,121,90.48819908386422
0,1,Blue_vs_Turquoise,2807.59947394397,67,41.90446976035776
50,1,Blue_vs_Turquoise,2807.59947394397,67,41.90446976035776
100,1,Blue_vs_Turquoise,2807.59947394397,67,41.90446976035776
0,1.25,Blue_vs_Turquoise,2952.292012768341,73,40.442356339292346
50,1.25,Blue_vs_Turquoise,2952.292012768341,73,40.442356339292346
100,1.25,Blue_vs_Turquoise,2952.292012768341,73,40.442356339292346
0,1.5,Blue_vs_Turquoise,2952.292012768341,73,40.442356339292346
50,1.5,Blue_vs_Turquoise,2952.292012768341,73,40.442356339292346
100,1.5,Blue_vs_Turquoise,2952.292012768341,73,40.442356339292346
0,1,Blue_vs_White,7476.603897655681,128,58.41096795043501
50,1,Blue_vs_White,7476.603897655681,128,58.41096795043501
100,1,Blue_vs_White,7476.603897655681,128,58.41096795043501
0,1.25,Blue_vs_White,7984.949334808236,178,44.85926592588897
50,1.25,Blue_vs_White,7984.949334808236,178,44.85926592588897
100,1.25,Blue_vs_White,7984.949334808236,178,44.85926592588897
0,1.5,Blue_vs_White,7607.391342918508,171,44.487668672038055
50,1.5,Blue_vs_White,7607.391342918508,171,44.487668672038055
100,1.5,Blue_vs_White,7607.391342918508,171,44.487668672038055
0,1,Blue_vs_Yellow,13669.32664259956,138,99.0530916130403
50,1,Blue_vs_Yellow,13669.32664259956,138,99.0530916130403
100,1,Blue_vs_Yellow,13669.32664259956,138,99.0530916130403
0,1.25,Blue_vs_Yellow,13660.262684687605,135,101.18713099768595
50,1.25,Blue_vs_Yellow,13660.262684687605,135,101.18713099768595
100,1.25,Blue_vs_Yellow,13660.262684687605,135,101.18713099768595
0,1.5,Blue_vs_Yellow,13335.334521126037,134,99.51742179944803
50,1.5,Blue_vs_Yellow,13335.334521126037,134,99.51742179944803
100,1.5,Blue_vs_Yellow,13335.334521126037,134,99.51742179944803
0,1,Blue_vs_Pale Blue,5316.579768728072,89,59.73685133402328
50,1,Blue_vs_Pale Blue,5316.579768728072,89,59.73685133402328
100,1,Blue_vs_Pale Blue,5316.579768728072,89,59.73685133402328
0,1.25,Blue_vs_Pale Blue,5160.347491566922,75,68.8046332208923
50,1.25,Blue_vs_Pale Blue,5160.347491566922,75,68.8046332208923
100,1.25,Blue_vs_Pale Blue,5160.347491566922,75,68.8046332208923
0,1.5,Blue_vs_Pale Blue,5313.888758457525,84,63.26058045782768
50,1.5,Blue_vs_Pale Blue,5313.888758457525,84,63.26058045782768
100,1.5,Blue_vs_Pale Blue,5313.888758457525,84,63.26058045782768
0,1,Blue_vs_Green,5818.429276728801,106,54.89084223329057
50,1,Blue_vs_Green,5818.429276728801,106,54.89084223329057
100,1,Blue_vs_Green,5818.429276728801,106,54.89084223329057
0,1.25,Blue_vs_Green,6441.240091802688,141,45.682553842572254
50,1.25,Blue_vs_Green,6441.240091802688,141,45.682553842572254
100,1.25,Blue_vs_Green,6441.240091802688,141,45.682553842572254
0,1.5,Blue_vs_Green,6159.655111060656,134,45.96757545567654
50,1.5,Blue_vs_Green,6159.655111060656,134,45.96757545567654
100,1.5,Blue_vs_Green,6159.655111060656,134,45.96757545567654
0,1,Blue_vs_Dark Pink,2257.2408361972725,147,15.355379838076685
50,1,Blue_vs_Dark Pink,2257.2408361972725,147,15.355379838076685
100,1,Blue_vs_Dark Pink,2257.2408361972725,147,15.355379838076685
0,1.25,Blue_vs_Dark Pink,2161.5321083667245,116,18.633897485920038
50,1.25,Blue_vs_Dark Pink,2161.5321083667245,116,18.633897485920038
100,1.25,Blue_vs_Dark Pink,2161.5321083667245,116,18.633897485920038
0,1.5,Blue_vs_Dark Pink,2161.5321083667245,116,18.633897485920038
50,1.5,Blue_vs_Dark Pink,2161.5321083667245,116,18.633897485920038
100,1.5,Blue_vs_Dark Pink,2161.5321083667245,116,18.633897485920038
0,1,Blue_vs_Orange,11567.686516165984,117,98.86911552278619
50,1,Blue_vs_Orange,11567.686516165984,117,98.86911552278619
100,1,Blue_vs_Orange,11567.686516165984,117,98.86911552278619
0,1.25,Blue_vs_Orange,11567.686516165984,117,98.86911552278619
50,1.25,Blue_vs_Orange,11567.686516165984,117,98.86911552278619
100,1.25,Blue_vs_Orange,11567.686516165984,117,98.86911552278619
0,1.5,Blue_vs_Orange,11567.686516165984,117,98.86911552278619
50,1.5,Blue_vs_Orange,11567.686516165984,117,98.86911552278619
100,1.5,Blue_vs_Orange,11567.686516165984,117,98.86911552278619
0,1,Blue_vs_Pale Green,2331.705774203474,70,33.310082488621056
50,1,Blue_vs_Pale Green,2331.705774203474,70,33.310082488621056
100,1,Blue_vs_Pale Green,2331.705774203474,70,33.310082488621056
0,1.25,Blue_vs_Pale Green,2470.0748022129865,77,32.07889353523359
50,1.25,Blue_vs_Pale Green,2470.0748022129865,77,32.07889353523359
100,1.25,Blue_vs_Pale Green,2470.0748022129865,77,32.07889353523359
0,1.5,Blue_vs_Pale Green,2343.784724179235,68,34.46742241440052
50,1.5,Blue_vs_Pale Green,2343.784724179235,68,34.46742241440052
100,1.5,Blue_vs_Pale Green,2343.784724179235,68,34.46742241440052
0,1,Pink_vs_Turquoise,4278.433955978729,88,48.61856768157646
50,1,Pink_vs_Turquoise,4278.433955978729,88,48.61856768157646
100,1,Pink_vs_Turquoise,4278.433955978729,88,48.61856768157646
0,1.25,Pink_vs_Turquoise,4170.578367711586,88,47.39293599672257
50,1.25,Pink_vs_Turquoise,4170.578367711586,88,47.39293599672257
100,1.25,Pink_vs_Turquoise,4170.578367711586,88,47.39293599672257
0,1.5,Pink_vs_Turquoise,4170.578367711586,88,47.39293599672257
50,1.5,Pink_vs_Turquoise,4170.578367711586,88,47.39293599672257
100,1.5,Pink_vs_Turquoise,4170.578367711586,88,47.39293599672257
0,1,Pink_vs_White,9084.690970453184,130,69.88223823425527
50,1,Pink_vs_White,9084.690970453184,130,69.88223823425527
100,1,Pink_vs_White,9084.690970453184,130,69.88223823425527
0,1.25,Pink_vs_White,9570.86255795113,134,71.42434744739649
50,1.25,Pink_vs_White,9570.86255795113,134,71.42434744739649
100,1.25,Pink_vs_White,9570.86255795113,134,71.42434744739649
0,1.5,Pink_vs_White,8781.930428436066,126,69.69786054314338
50,1.5,Pink_vs_White,8781.930428436066,126,69.69786054314338
100,1.5,Pink_vs_White,8781.930428436066,126,69.69786054314338
0,1,Pink_vs_Yellow,23559.758891736412,149,158.11918719286183
50,1,Pink_vs_Yellow,23559.758891736412,149,158.11918719286183
100,1,Pink_vs_Yellow,23559.758891736412,149,158.11918719286183
0,1.25,Pink_vs_Yellow,22576.70387320518,138,163.59930342902305
50,1.25,Pink_vs_Yellow,22576.70387320518,138,163.59930342902305
100,1.25,Pink_vs_Yellow,22576.70387320518,138,163.59930342902305
0,1.5,Pink_vs_Yellow,22336.14526895445,143,156.1968200626185
50,1.5,Pink_vs_Yellow,22336.14526895445,143,156.1968200626185
100,1.5,Pink_vs_Yellow,22336.14526895445,143,156.1968200626185
0,1,Pink_vs_Pale Blue,7876.84077026388,115,68.494267567512
50,1,Pink_vs_Pale Blue,7876.84077026388,115,68.494267567512
100,1,Pink_vs_Pale Blue,7876.84077026388,115,68.494267567512
0,1.25,Pink_vs_Pale Blue,8827.284390680335,129,68.42856116806462
50,1.25,Pink_vs_Pale Blue,8827.284390680335,129,68.42856116806462
100,1.25,Pink_vs_Pale Blue,8827.284390680335,129,68.42856116806462
0,1.5,Pink_vs_Pale Blue,8911.153113098784,126,70.72343740554591
50,1.5,Pink_vs_Pale Blue,8911.153113098784,126,70.72343740554591
100,1.5,Pink_vs_Pale Blue,8911.153113098784,126,70.72343740554591
0,1,Pink_vs_Green,8832.793837855972,100,88.32793837855972
50,1,Pink_vs_Green,8832.793837855972,100,88.32793837855972
100,1,Pink_vs_Green,8832.793837855972,100,88.32793837855972
0,1.25,Pink_vs_Green,8929.8318669574,115,77.65071188658608
50,1.25,Pink_vs_Green,8929.8318669574,115,77.65071188658608
100,1.25,Pink_vs_Green,8929.8318669574,115,77.65071188658608
0,1.5,Pink_vs_Green,9354.583576960138,127,73.65813840126093
50,1.5,Pink_vs_Green,9354.583576960138,127,73.65813840126093
100,1.5,Pink_vs_Green,9354.583576960138,127,73.65813840126093
0,1,Pink_vs_Dark Pink,2933.203838843138,98,29.930651416766715
50,1,Pink_vs_Dark Pink,2933.203838843138,98,29.930651416766715
100,1,Pink_vs_Dark Pink,2933.203838843138,98,29.930651416766715
0,1.25,Pink_vs_Dark Pink,2933.203838843138,98,29.930651416766715
50,1.25,Pink_vs_Dark Pink,2933.203838843138,98,29.930651416766715
100,1.25,Pink_vs_Dark Pink,2933.203838843138,98,29.930651416766715
0,1.5,Pink_vs_Dark Pink,2925.013007448249,105,27.857266737602373
50,1.5,Pink_vs_Dark Pink,2925.013007448249,105,27.857266737602373
100,1.5,Pink_vs_Dark Pink,2925.013007448249,105,27.857266737602373
0,1,Pink_vs_Orange,13606.567099696229,141,96.50047588437042
50,1,Pink_vs_Orange,13606.567099696229,141,96.50047588437042
100,1,Pink_vs_Orange,13606.567099696229,141,96.50047588437042
0,1.25,Pink_vs_Orange,13926.081905275667,143,97.38518814878088
50,1.25,Pink_vs_Orange,13926.081905275667,143,97.38518814878088
100,1.25,Pink_vs_Orange,13926.081905275667,143,97.38518814878088
0,1.5,Pink_vs_Orange,14278.701856049353,164,87.06525521981312
50,1.5,Pink_vs_Orange,14278.701856049353,164,87.06525521981312
100,1.5,Pink_vs_Orange,14278.701856049353,164,87.06525521981312
0,1,Pink_vs_Pale Green,4202.212138408078,100,42.02212138408078
50,1,Pink_vs_Pale Green,4202.212138408078,100,42.02212138408078
100,1,Pink_vs_Pale Green,4202.212138408078,100,42.02212138408078
0,1.25,Pink_vs_Pale Green,4088.1598013822972,102,40.07999805276762
50,1.25,Pink_vs_Pale Green,4088.1598013822972,102,40.07999805276762
100,1.25,Pink_vs_Pale Green,4088.1598013822972,102,40.07999805276762
0,1.5,Pink_vs_Pale Green,4093.1515031505082,105,38.98239526810008
50,1.5,Pink_vs_Pale Green,4093.1515031505082,105,38.98239526810008
100,1.5,Pink_vs_Pale Green,4093.1515031505082,105,38.98239526810008
0,1,Turquoise_vs_White,5989.686697435211,170,35.23345116138359
50,1,Turquoise_vs_White,5989.686697435211,170,35.23345116138359
100,1,Turquoise_vs_White,5989.686697435211,170,35.23345116138359
0,1.25,Turquoise_vs_White,6216.588046387135,193,32.21030075848257
50,1.25,Turquoise_vs_White,6216.588046387135,193,32.21030075848257
100,1.25,Turquoise_vs_White,6216.588046387135,193,32.21030075848257
0,1.5,Turquoise_vs_White,5841.084056469475,183,31.918492111855056
50,1.5,Turquoise_vs_White,5841.084056469475,183,31.918492111855056
100,1.5,Turquoise_vs_White,5841.084056469475,183,31.918492111855056
0,1,Turquoise_vs_Yellow,5383.14231961465,135,39.87512829344185
50,1,Turquoise_vs_Yellow,5383.14231961465,135,39.87512829344185
100,1,Turquoise_vs_Yellow,5383.14231961465,135,39.87512829344185
0,1.25,Turquoise_vs_Yellow,5450.053909728364,139,39.20902093329758
50,1.25,Turquoise_vs_Yellow,5450.053909728364,139,39.20902093329758
100,1.25,Turquoise_vs_Yellow,5450.053909728364,139,39.20902093329758
0,1.5,Turquoise_vs_Yellow,5195.895417034891,130,39.968426284883776
50,1.5,Turquoise_vs_Yellow,5195.895417034891,130,39.968426284883776
100,1.5,Turquoise_vs_Yellow,5195.895417034891,130,39.968426284883776
0,1,Turquoise_vs_Pale Blue,3571.0850272028374,90,39.67872252447597
50,1,Turquoise_vs_Pale Blue,3571.0850272028374,90,39.67872252447597
100,1,Turquoise_vs_Pale Blue,3571.0850272028374,90,39.67872252447597
0,1.25,Turquoise_vs_Pale Blue,3327.3253678650567,82,40.57713863250069
50,1.25,Turquoise_vs_Pale Blue,3327.3253678650567,82,40.57713863250069
100,1.25,Turquoise_vs_Pale Blue,3327.3253678650567,82,40.57713863250069
0,1.5,Turquoise_vs_Pale Blue,3437.9053541437183,87,39.51615349590481
50,1.5,Turquoise_vs_Pale Blue,3437.9053541437183,87,39.51615349590481
100,1.5,Turquoise_vs_Pale Blue,3437.9053541437183,87,39.51615349590481
0,1,Turquoise_vs_Green,4557.719087182402,127,35.88755186757797
50,1,Turquoise_vs_Green,4557.719087182402,127,35.88755186757797
100,1,Turquoise_vs_Green,4557.719087182402,127,35.88755186757797
0,1.25,Turquoise_vs_Green,4155.736233452721,122,34.06341174961246
50,1.25,Turquoise_vs_Green,4155.736233452721,122,34.06341174961246
100,1.25,Turquoise_vs_Green,4155.736233452721,122,34.06341174961246
0,1.5,Turquoise_vs_Green,3752.8408058461177,105,35.741341008058264
50,1.5,Turquoise_vs_Green,3752.8408058461177,105,35.741341008058264
100,1.5,Turquoise_vs_Green,3752.8408058461177,105,35.741341008058264
0,1,Turquoise_vs_Dark Pink,3195.963793831816,112,28.5353910163555
50,1,Turquoise_vs_Dark Pink,3195.963793831816,112,28.5353910163555
100,1,Turquoise_vs_Dark Pink,3195.963793831816,112,28.5353910163555
0,1.25,Turquoise_vs_Dark Pink,3377.220022158577,126,26.803333509195056
50,1.25,Turquoise_vs_Dark Pink,3377.220022158577,126,26.803333509195056
100,1.25,Turquoise_vs_Dark Pink,3377.220022158577,126,26.803333509195056
0,1.5,Turquoise_vs_Dark Pink,3397.1193640857346,118,28.78914715326894
50,1.5,Turquoise_vs_Dark Pink,3397.1193640857346,118,28.78914715326894
100,1.5,Turquoise_vs_Dark Pink,3397.1193640857346,118,28.78914715326894
0,1,Turquoise_vs_Orange,4397.689416534407,82,53.63035873822448
50,1,Turquoise_vs_Orange,4397.689416534407,82,53.63035873822448
100,1,Turquoise_vs_Orange,4397.689416534407,82,53.63035873822448
0,1.25,Turquoise_vs_Orange,4397.689416534407,82,53.63035873822448
50,1.25,Turquoise_vs_Orange,4397.689416534407,82,53.63035873822448
100,1.25,Turquoise_vs_Orange,4397.689416534407,82,53.63035873822448
0,1.5,Turquoise_vs_Orange,4397.689416534407,82,53.63035873822448
50,1.5,Turquoise_vs_Orange,4397.689416534407,82,53.63035873822448
100,1.5,Turquoise_vs_Orange,4397.689416534407,82,53.63035873822448
0,1,Turquoise_vs_Pale Green,2923.564014076045,75,38.980853521013934
50,1,Turquoise_vs_Pale Green,2923.564014076045,75,38.980853521013934
100,1,Turquoise_vs_Pale Green,2923.564014076045,75,38.980853521013934
0,1.25,Turquoise_vs_Pale Green,2967.3760493685595,74,40.09967634281837
50,1.25,Turquoise_vs_Pale Green,2967.3760493685595,74,40.09967634281837
100,1.25,Turquoise_vs_Pale Green,2967.3760493685595,74,40.09967634281837
0,1.5,Turquoise_vs_Pale Green,2542.523888076515,56,45.40221228708062
50,1.5,Turquoise_vs_Pale Green,2542.523888076515,56,45.40221228708062
100,1.5,Turquoise_vs_Pale Green,2542.523888076515,56,45.40221228708062
0,1,White_vs_Yellow,10043.71713875397,153,65.64521005721548
50,1,White_vs_Yellow,10043.71713875397,153,65.64521005721548
100,1,White_vs_Yellow,10043.71713875397,153,65.64521005721548
0,1.25,White_vs_Yellow,10043.71713875397,153,65.64521005721548
50,1.25,White_vs_Yellow,10043.71713875397,153,65.64521005721548
100,1.25,White_vs_Yellow,10043.71713875397,153,65.64521005721548
0,1.5,White_vs_Yellow,11678.366617563132,210,55.61126960744348
50,1.5,White_vs_Yellow,11678.366617563132,210,55.61126960744348
100,1.5,White_vs_Yellow,11678.366617563132,210,55.61126960744348
0,1,White_vs_Pale Blue,6770.331087650263,143,47.34497264091093
50,1,White_vs_Pale Blue,6770.331087650263,143,47.34497264091093
100,1,White_vs_Pale Blue,6770.331087650263,143,47.34497264091093
0,1.25,White_vs_Pale Blue,6197.227437088548,94,65.9279514583888
50,1.25,White_vs_Pale Blue,6197.227437088548,94,65.9279514583888
100,1.25,White_vs_Pale Blue,6197.227437088548,94,65.9279514583888
0,1.5,White_vs_Pale Blue,6172.543823213227,95,64.97414550750766
50,1.5,White_vs_Pale Blue,6172.543823213227,95,64.97414550750766
100,1.5,White_vs_Pale Blue,6172.543823213227,95,64.97414550750766
0,1,White_vs_Green,7158.693124918729,98,73.04788902978295
50,1,White_vs_Green,7158.693124918729,98,73.04788902978295
100,1,White_vs_Green,7158.693124918729,98,73.04788902978295
0,1.25,White_vs_Green,7384.015354592655,123,60.03264515928988
50,1.25,White_vs_Green,7384.015354592655,123,60.03264515928988
100,1.25,White_vs_Green,7384.015354592655,123,60.03264515928988
0,1.5,White_vs_Green,7364.787481623057,126,58.45069429859569
50,1.5,White_vs_Green,7364.787481623057,126,58.45069429859569
100,1.5,White_vs_Green,7364.787481623057,126,58.45069429859569
0,1,White_vs_Dark Pink,3293.786313995047,129,25.533227240271682
50,1,White_vs_Dark Pink,3293.786313995047,129,25.533227240271682
100,1,White_vs_Dark Pink,3293.786313995047,129,25.533227240271682
0,1.25,White_vs_Dark Pink,3293.786313995047,129,25.533227240271682
50,1.25,White_vs_Dark Pink,3293.786313995047,129,25.533227240271682
100,1.25,White_vs_Dark Pink,3293.786313995047,129,25.533227240271682
0,1.5,White_vs_Dark Pink,3565.2814987498205,129,27.637841075580003
50,1.5,White_vs_Dark Pink,3565.2814987498205,129,27.637841075580003
100,1.5,White_vs_Dark Pink,3565.2814987498205,129,27.637841075580003
0,1,White_vs_Orange,8889.241561843386,131,67.85680581559836
50,1,White_vs_Orange,8889.241561843386,131,67.85680581559836
100,1,White_vs_Orange,8889.241561843386,131,67.85680581559836
0,1.25,White_vs_Orange,8889.241561843386,131,67.85680581559836
50,1.25,White_vs_Orange,8889.241561843386,131,67.85680581559836
100,1.25,White_vs_Orange,8889.241561843386,131,67.85680581559836
0,1.5,White_vs_Orange,8889.241561843386,131,67.85680581559836
50,1.5,White_vs_Orange,8889.241561843386,131,67.85680581559836
100,1.5,White_vs_Orange,8889.241561843386,131,67.85680581559836
0,1,White_vs_Pale Green,4733.245196025831,86,55.03773483750967
50,1,White_vs_Pale Green,4733.245196025831,86,55.03773483750967
100,1,White_vs_Pale Green,4733.245196025831,86,55.03773483750967
0,1.25,White_vs_Pale Green,4656.327246055726,95,49.01397101111291
50,1.25,White_vs_Pale Green,4656.327246055726,95,49.01397101111291
100,1.25,White_vs_Pale Green,4656.327246055726,95,49.01397101111291
0,1.5,White_vs_Pale Green,4704.873347768701,108,43.563642108969454
50,1.5,White_vs_Pale Green,4704.873347768701,108,43.563642108969454
100,1.5,White_vs_Pale Green,4704.873347768701,108,43.563642108969454
0,1,Yellow_vs_Pale Blue,9080.144283122536,131,69.3140784971186
50,1,Yellow_vs_Pale Blue,9080.144283122536,131,69.3140784971186
100,1,Yellow_vs_Pale Blue,9080.144283122536,131,69.3140784971186
0,1.25,Yellow_vs_Pale Blue,9026.37189286072,130,69.43362994508246
50,1.25,Yellow_vs_Pale Blue,9026.37189286072,130,69.43362994508246
100,1.25,Yellow_vs_Pale Blue,9026.37189286072,130,69.43362994508246
0,1.5,Yellow_vs_Pale Blue,9077.504906756374,128,70.91800708403417
50,1.5,Yellow_vs_Pale Blue,9077.504906756374,128,70.91800708403417
100,1.5,Yellow_vs_Pale Blue,9077.504906756374,128,70.91800708403417
0,1,Yellow_vs_Green,11692.774481111861,140,83.51981772222757
50,1,Yellow_vs_Green,11692.774481111861,140,83.51981772222757
100,1,Yellow_vs_Green,11692.774481111861,140,83.51981772222757
0,1.25,Yellow_vs_Green,11608.282548816185,150,77.38855032544123
50,1.25,Yellow_vs_Green,11608.282548816185,150,77.38855032544123
100,1.25,Yellow_vs_Green,11608.282548816185,150,77.38855032544123
0,1.5,Yellow_vs_Green,11384.34161353583,151,75.39299081811808
50,1.5,Yellow_vs_Green,11384.34161353583,151,75.39299081811808
100,1.5,Yellow_vs_Green,11384.34161353583,151,75.39299081811808
0,1,Yellow_vs_Dark Pink,3059.8419003996605,122,25.080671314751317
50,1,Yellow_vs_Dark Pink,3059.8419003996605,122,25.080671314751317
100,1,Yellow_vs_Dark Pink,3059.8419003996605,122,25.080671314751317
0,1.25,Yellow_vs_Dark Pink,3171.3643093775786,121,26.209622391550237
50,1.25,Yellow_vs_Dark Pink,3171.3643093775786,121,26.209622391550237
100,1.25,Yellow_vs_Dark Pink,3171.3643093775786,121,26.209622391550237
0,1.5,Yellow_vs_Dark Pink,3058.975011996255,123,24.869715544685
50,1.5,Yellow_vs_Dark Pink,3058.975011996255,123,24.869715544685
100,1.5,Yellow_vs_Dark Pink,3058.975011996255,123,24.869715544685
0,1,Yellow_vs_Orange,14879.578430351394,120,123.99648691959494
50,1,Yellow_vs_Orange,14879.578430351394,120,123.99648691959494
100,1,Yellow_vs_Orange,14879.578430351394,120,123.99648691959494
0,1.25,Yellow_vs_Orange,14879.578430351394,120,123.99648691959494
50,1.25,Yellow_vs_Orange,14879.578430351394,120,123.99648691959494
100,1.25,Yellow_vs_Orange,14879.578430351394,120,123.99648691959494
0,1.5,Yellow_vs_Orange,15077.308723816474,151,99.84972664779121
50,1.5,Yellow_vs_Orange,15077.308723816474,151,99.84972664779121
100,1.5,Yellow_vs_Orange,15077.308723816474,151,99.84972664779121
0,1,Yellow_vs_Pale Green,4954.672755636835,105,47.187359577493666
50,1,Yellow_vs_Pale Green,4954.672755636835,105,47.187359577493666
100,1,Yellow_vs_Pale Green,4954.672755636835,105,47.187359577493666
0,1.25,Yellow_vs_Pale Green,4669.639370670788,93,50.21117602871815
50,1.25,Yellow_vs_Pale Green,4669.639370670788,93,50.21117602871815
100,1.25,Yellow_vs_Pale Green,4669.639370670788,93,50.21117602871815
0,1.5,Yellow_vs_Pale Green,4655.74132187377,95,49.00780338814495
50,1.5,Yellow_vs_Pale Green,4655.74132187377,95,49.00780338814495
100,1.5,Yellow_vs_Pale Green,4655.74132187377,95,49.00780338814495
0,1,Pale Blue_vs_Green,5084.678008518485,71,71.61518321857021
50,1,Pale Blue_vs_Green,5084.678008518485,71,71.61518321857021
100,1,Pale Blue_vs_Green,5084.678008518485,71,71.61518321857021
0,1.25,Pale Blue_vs_Green,5078.2890275968275,71,71.52519757178631
50,1.25,Pale Blue_vs_Green,5078.2890275968275,71,71.52519757178631
100,1.25,Pale Blue_vs_Green,5078.2890275968275,71,71.52519757178631
0,1.5,Pale Blue_vs_Green,5462.327581903029,74,73.81523759328417
50,1.5,Pale Blue_vs_Green,5462.327581903029,74,73.81523759328417
100,1.5,Pale Blue_vs_Green,5462.327581903029,74,73.81523759328417
0,1,Pale Blue_vs_Dark Pink,2497.052827018727,127,19.661833283612022
50,1,Pale Blue_vs_Dark Pink,2497.052827018727,127,19.661833283612022
100,1,Pale Blue_vs_Dark Pink,2497.052827018727,127,19.661833283612022
0,1.25,Pale Blue_vs_Dark Pink,2497.052827018727,127,19.661833283612022
50,1.25,Pale Blue_vs_Dark Pink,2497.052827018727,127,19.661833283612022
100,1.25,Pale Blue_vs_Dark Pink,2497.052827018727,127,19.661833283612022
0,1.5,Pale Blue_vs_Dark Pink,2497.052827018727,127,19.661833283612022
50,1.5,Pale Blue_vs_Dark Pink,2497.052827018727,127,19.661833283612022
100,1.5,Pale Blue_vs_Dark Pink,2497.052827018727,127,19.661833283612022
0,1,Pale Blue_vs_Orange,6840.597451560897,84,81.43568394715354
50,1,Pale Blue_vs_Orange,6840.597451560897,84,81.43568394715354
100,1,Pale Blue_vs_Orange,6840.597451560897,84,81.43568394715354
0,1.25,Pale Blue_vs_Orange,6830.528967106689,86,79.42475543147313
50,1.25,Pale Blue_vs_Orange,6830.528967106689,86,79.42475543147313
100,1.25,Pale Blue_vs_Orange,6830.528967106689,86,79.42475543147313
0,1.5,Pale Blue_vs_Orange,7181.309197144983,94,76.39690635260621
50,1.5,Pale Blue_vs_Orange,7181.309197144983,94,76.39690635260621
100,1.5,Pale Blue_vs_Orange,7181.309197144983,94,76.39690635260621
0,1,Pale Blue_vs_Pale Green,2575.442480618462,71,36.273837755189604
50,1,Pale Blue_vs_Pale Green,2575.442480618462,71,36.273837755189604
100,1,Pale Blue_vs_Pale Green,2575.442480618462,71,36.273837755189604
0,1.25,Pale Blue_vs_Pale Green,2521.905873562443,58,43.48113575107661
50,1.25,Pale Blue_vs_Pale Green,2521.905873562443,58,43.48113575107661
100,1.25,Pale Blue_vs_Pale Green,2521.905873562443,58,43.48113575107661
0,1.5,Pale Blue_vs_Pale Green,2679.4128776296247,65,41.2217365789173
50,1.5,Pale Blue_vs_Pale Green,2679.4128776296247,65,41.2217365789173
100,1.5,Pale Blue_vs_Pale Green,2679.4128776296247,65,41.2217365789173
0,1,Green_vs_Dark Pink,2842.5776105937957,143,19.878165109047522
50,1,Green_vs_Dark Pink,2842.5776105937957,143,19.878165109047522
100,1,Green_vs_Dark Pink,2842.5776105937957,143,19.878165109047522
0,1.25,Green_vs_Dark Pink,2842.5776105937957,143,19.878165109047522
50,1.25,Green_vs_Dark Pink,2842.5776105937957,143,19.878165109047522
100,1.25,Green_vs_Dark Pink,2842.5776105937957,143,19.878165109047522
0,1.5,Green_vs_Dark Pink,2842.5776105937957,143,19.878165109047522
50,1.5,Green_vs_Dark Pink,2842.5776105937957,143,19.878165109047522
100,1.5,Green_vs_Dark Pink,2842.5776105937957,143,19.878165109047522
0,1,Green_vs_Orange,10314.091502217098,126,81.85786906521506
50,1,Green_vs_Orange,10314.091502217098,126,81.85786906521506
100,1,Green_vs_Orange,10314.091502217098,126,81.85786906521506
0,1.25,Green_vs_Orange,10314.091502217098,126,81.85786906521506
50,1.25,Green_vs_Orange,10314.091502217098,126,81.85786906521506
100,1.25,Green_vs_Orange,10314.091502217098,126,81.85786906521506
0,1.5,Green_vs_Orange,10075.64085644537,128,78.71594419097946
50,1.5,Green_vs_Orange,10075.64085644537,128,78.71594419097946
100,1.5,Green_vs_Orange,10075.64085644537,128,78.71594419097946
0,1,Green_vs_Pale Green,2577.2473727629404,73,35.30475853099918
50,1,Green_vs_Pale Green,2577.2473727629404,73,35.30475853099918
100,1,Green_vs_Pale Green,2577.2473727629404,73,35.30475853099918
0,1.25,Green_vs_Pale Green,2529.4378281402087,78,32.42869010436165
50,1.25,Green_vs_Pale Green,2529.4378281402087,78,32.42869010436165
100,1.25,Green_vs_Pale Green,2529.4378281402087,78,32.42869010436165
0,1.5,Green_vs_Pale Green,2516.9318869635586,67,37.56614756662028
50,1.5,Green_vs_Pale Green,2516.9318869635586,67,37.56614756662028
100,1.5,Green_vs_Pale Green,2516.9318869635586,67,37.56614756662028
0,1,Dark Pink_vs_Orange,4159.045958979194,160,25.994037243619964
50,1,Dark Pink_vs_Orange,4159.045958979194,160,25.994037243619964
100,1,Dark Pink_vs_Orange,4159.045958979194,160,25.994037243619964
0,1.25,Dark Pink_vs_Orange,4065.5639236853685,151,26.92426439526734
50,1.25,Dark Pink_vs_Orange,4065.5639236853685,151,26.92426439526734
100,1.25,Dark Pink_vs_Orange,4065.5639236853685,151,26.92426439526734
0,1.5,Dark Pink_vs_Orange,3957.1744553733492,146,27.103934625844857
50,1.5,Dark Pink_vs_Orange,3957.1744553733492,146,27.103934625844857
100,1.5,Dark Pink_vs_Orange,3957.1744553733492,146,27.103934625844857
0,1,Dark Pink_vs_Pale Green,2074.5816812822513,130,15.958320625248087
50,1,Dark Pink_vs_Pale Green,2074.5816812822513,130,15.958320625248087
100,1,Dark Pink_vs_Pale Green,2074.5816812822513,130,15.958320625248087
0,1.25,Dark Pink_vs_Pale Green,2064.3602708667777,140,14.74543050619127
50,1.25,Dark Pink_vs_Pale Green,2064.3602708667777,140,14.74543050619127
100,1.25,Dark Pink_vs_Pale Green,2064.3602708667777,140,14.74543050619127
0,1.5,Dark Pink_vs_Pale Green,1956.5455887246706,125,15.652364709797364
50,1.5,Dark Pink_vs_Pale Green,1956.5455887246706,125,15.652364709797364
100,1.5,Dark Pink_vs_Pale Green,1956.5455887246706,125,15.652364709797364
0,1,Orange_vs_Pale Green,4456.885268143972,128,34.81941615737478
50,1,Orange_vs_Pale Green,4456.885268143972,128,34.81941615737478
100,1,Orange_vs_Pale Green,4456.885268143972,128,34.81941615737478
0,1.25,Orange_vs_Pale Green,4162.359726325721,102,40.807448297310984
50,1.25,Orange_vs_Pale Green,4162.359726325721,102,40.807448297310984
100,1.25,Orange_vs_Pale Green,4162.359726325721,102,40.807448297310984
0,1.5,Orange_vs_Pale Green,4304.058387244667,101,42.61443947766997
50,1.5,Orange_vs_Pale Green,4304.058387244667,101,42.61443947766997
100,1.5,Orange_vs_Pale Green,4304.058387244667,101,42.61443947766997
0,1,Blue_vs_Pink,10724.805024404704,100,107.24805024404705
50,1,Blue_vs_Pink,10724.805024404704,100,107.24805024404705
100,1,Blue_vs_Pink,10724.805024404704,100,107.24805024404705
0,1.25,Blue_vs_Pink,10529.274501053507,97,108.54922166034544
50,1.25,Blue_vs_Pink,10529.274501053507,97,108.54922166034544
100,1.25,Blue_vs_Pink,10529.274501053507,97,108.54922166034544
0,1.5,Blue_vs_Pink,10766.210548419323,117,92.01889357623354
50,1.5,Blue_vs_Pink,10766.210548419323,117,92.01889357623354
100,1.5,Blue_vs_Pink,10766.210548419323,117,92.01889357623354
0,1,Blue_vs_Turquoise,2970.8599988754527,68,43.689117630521366
50,1,Blue_vs_Turquoise,2970.8599988754527,68,43.689117630521366
100,1,Blue_vs_Turquoise,2970.8599988754527,68,43.689117630521366
0,1.25,Blue_vs_Turquoise,2747.695138939608,71,38.69993153436068
50,1.25,Blue_vs_Turquoise,2747.695138939608,71,38.69993153436068
100,1.25,Blue_vs_Turquoise,2747.695138939608,71,38.69993153436068
0,1.5,Blue_vs_Turquoise,2682.2191008166164,70,38.31741572595166
50,1.5,Blue_vs_Turquoise,2682.2191008166164,70,38.31741572595166
100,1.5,Blue_vs_Turquoise,2682.2191008166164,70,38.31741572595166
0,1,Blue_vs_White,7170.266723041346,121,59.25840266976319
50,1,Blue_vs_White,7170.266723041346,121,59.25840266976319
100,1,Blue_vs_White,7170.266723041346,121,59.25840266976319
0,1.25,Blue_vs_White,7132.129491683702,147,48.51788769852859
50,1.25,Blue_vs_White,7132.129491683702,147,48.51788769852859
100,1.25,Blue_vs_White,7132.129491683702,147,48.51788769852859
0,1.5,Blue_vs_White,8145.881066330708,178,45.76337677713881
50,1.5,Blue_vs_White,8145.881066330708,178,45.76337677713881
100,1.5,Blue_vs_White,8145.881066330708,178,45.76337677713881
0,1,Blue_vs_Yellow,13668.60969381651,143,95.58468317354203
50,1,Blue_vs_Yellow,13668.60969381651,143,95.58468317354203
100,1,Blue_vs_Yellow,13668.60969381651,143,95.58468317354203
0,1.25,Blue_vs_Yellow,13440.46191699012,134,100.30195460440387
50,1.25,Blue_vs_Yellow,13440.46191699012,134,100.30195460440387
100,1.25,Blue_vs_Yellow,13440.46191699012,134,100.30195460440387
0,1.5,Blue_vs_Yellow,13758.91229807326,154,89.34358635112507
50,1.5,Blue_vs_Yellow,13758.91229807326,154,89.34358635112507
100,1.5,Blue_vs_Yellow,13758.91229807326,154,89.34358635112507
0,1,Blue_vs_Pale Blue,5154.854021104988,91,56.64674748467019
50,1,Blue_vs_Pale Blue,5154.854021104988,91,56.64674748467019
100,1,Blue_vs_Pale Blue,5154.854021104988,91,56.64674748467019
0,1.25,Blue_vs_Pale Blue,5070.575225036645,92,55.1149480982244
50,1.25,Blue_vs_Pale Blue,5070.575225036645,92,55.1149480982244
100,1.25,Blue_vs_Pale Blue,5070.575225036645,92,55.1149480982244
0,1.5,Blue_vs_Pale Blue,5175.894400078027,91,56.87796044041787
50,1.5,Blue_vs_Pale Blue,5175.894400078027,91,56.87796044041787
100,1.5,Blue_vs_Pale Blue,5175.894400078027,91,56.87796044041787
0,1,Blue_vs_Green,5894.985664894636,111,53.10797896301474
50,1,Blue_vs_Green,5894.985664894636,111,53.10797896301474
100,1,Blue_vs_Green,5894.985664894636,111,53.10797896301474
0,1.25,Blue_vs_Green,6097.205128196723,136,44.83239064850532
50,1.25,Blue_vs_Green,6097.205128196723,136,44.83239064850532
100,1.25,Blue_vs_Green,6097.205128196723,136,44.83239064850532
0,1.5,Blue_vs_Green,5871.969416962596,142,41.351897302553496
50,1.5,Blue_vs_Green,5871.969416962596,142,41.351897302553496
100,1.5,Blue_vs_Green,5871.969416962596,142,41.351897302553496
0,1,Blue_vs_Dark Pink,2108.0867875119434,113,18.65563528771631
50,1,Blue_vs_Dark Pink,2108.0867875119434,113,18.65563528771631
100,1,Blue_vs_Dark Pink,2108.0867875119434,113,18.65563528771631
0,1.25,Blue_vs_Dark Pink,2071.842354814431,111,18.66524643976965
50,1.25,Blue_vs_Dark Pink,2071.842354814431,111,18.66524643976965
100,1.25,Blue_vs_Dark Pink,2071.842354814431,111,18.66524643976965
0,1.5,Blue_vs_Dark Pink,2127.7958034982275,129,16.49454111238936
50,1.5,Blue_vs_Dark Pink,2127.7958034982275,129,16.49454111238936
100,1.5,Blue_vs_Dark Pink,2127.7958034982275,129,16.49454111238936
0,1,Blue_vs_Orange,11134.773156408774,123,90.5266110277136
50,1,Blue_vs_Orange,11134.773156408774,123,90.5266110277136
100,1,Blue_vs_Orange,11134.773156408774,123,90.5266110277136
0,1.25,Blue_vs_Orange,11134.773156408774,123,90.5266110277136
50,1.25,Blue_vs_Orange,11134.773156408774,123,90.5266110277136
100,1.25,Blue_vs_Orange,11134.773156408774,123,90.5266110277136
0,1.5,Blue_vs_Orange,11134.773156408774,123,90.5266110277136
50,1.5,Blue_vs_Orange,11134.773156408774,123,90.5266110277136
100,1.5,Blue_vs_Orange,11134.773156408774,123,90.5266110277136
0,1,Blue_vs_Pale Green,2173.213686410086,59,36.83413027813705
50,1,Blue_vs_Pale Green,2173.213686410086,59,36.83413027813705
100,1,Blue_vs_Pale Green,2173.213686410086,59,36.83413027813705
0,1.25,Blue_vs_Pale Green,2067.1072493173874,51,40.531514692497794
50,1.25,Blue_vs_Pale Green,2067.1072493173874,51,40.531514692497794
100,1.25,Blue_vs_Pale Green,2067.1072493173874,51,40.531514692497794
0,1.5,Blue_vs_Pale Green,2230.042686930203,69,32.31945923087251
50,1.5,Blue_vs_Pale Green,2230.042686930203,69,32.31945923087251
100,1.5,Blue_vs_Pale Green,2230.042686930203,69,32.31945923087251
0,1,Pink_vs_Turquoise,4635.0011733989895,113,41.017709499106104
50,1,Pink_vs_Turquoise,4635.0011733989895,113,41.017709499106104
100,1,Pink_vs_Turquoise,4635.0011733989895,113,41.017709499106104
0,1.25,Pink_vs_Turquoise,4433.213919802779,100,44.33213919802779
50,1.25,Pink_vs_Turquoise,4433.213919802779,100,44.33213919802779
100,1.25,Pink_vs_Turquoise,4433.213919802779,100,44.33213919802779
0,1.5,Pink_vs_Turquoise,4433.213919802779,100,44.33213919802779
50,1.5,Pink_vs_Turquoise,4433.213919802779,100,44.33213919802779
100,1.5,Pink_vs_Turquoise,4433.213919802779,100,44.33213919802779
0,1,Pink_vs_White,8128.488914543322,118,68.88549927579086
50,1,Pink_vs_White,8128.488914543322,118,68.88549927579086
100,1,Pink_vs_White,8128.488914543322,118,68.88549927579086
0,1.25,Pink_vs_White,8269.689998764836,118,70.0821186336003
50,1.25,Pink_vs_White,8269.689998764836,118,70.0821186336003
100,1.25,Pink_vs_White,8269.689998764836,118,70.0821186336003
0,1.5,Pink_vs_White,8269.689998764836,118,70.0821186336003
50,1.5,Pink_vs_White,8269.689998764836,118,70.0821186336003
100,1.5,Pink_vs_White,8269.689998764836,118,70.0821186336003
0,1,Pink_vs_Yellow,23120.25063404316,142,162.81866643692368
50,1,Pink_vs_Yellow,23120.25063404316,142,162.81866643692368
100,1,Pink_vs_Yellow,23120.25063404316,142,162.81866643692368
0,1.25,Pink_vs_Yellow,22462.47847504464,135,166.38872944477512
50,1.25,Pink_vs_Yellow,22462.47847504464,135,166.38872944477512
100,1.25,Pink_vs_Yellow,22462.47847504464,135,166.38872944477512
0,1.5,Pink_vs_Yellow,21063.653000185997,141,149.38760993039713
50,1.5,Pink_vs_Yellow,21063.653000185997,141,149.38760993039713
100,1.5,Pink_vs_Yellow,21063.653000185997,141,149.38760993039713
0,1,Pink_vs_Pale Blue,6409.455646165107,84,76.30304340672747
50,1,Pink_vs_Pale Blue,6409.455646165107,84,76.30304340672747
100,1,Pink_vs_Pale Blue,6409.455646165107,84,76.30304340672747
0,1.25,Pink_vs_Pale Blue,6628.282010403875,89,74.47507876858286
50,1.25,Pink_vs_Pale Blue,6628.282010403875,89,74.47507876858286
100,1.25,Pink_vs_Pale Blue,6628.282010403875,89,74.47507876858286
0,1.5,Pink_vs_Pale Blue,7486.451653294671,109,68.6830426907768
50,1.5,Pink_vs_Pale Blue,7486.451653294671,109,68.6830426907768
100,1.5,Pink_vs_Pale Blue,7486.451653294671,109,68.6830426907768
0,1,Pink_vs_Green,11440.857753334165,154,74.29128411255951
50,1,Pink_vs_Green,11440.857753334165,154,74.29128411255951
100,1,Pink_vs_Green,11440.857753334165,154,74.29128411255951
0,1.25,Pink_vs_Green,10617.100587408986,153,69.39281429679076
50,1.25,Pink_vs_Green,10617.100587408986,153,69.39281429679076
100,1.25,Pink_vs_Green,10617.100587408986,153,69.39281429679076
0,1.5,Pink_vs_Green,11083.999914673695,160,69.2749994667106
50,1.5,Pink_vs_Green,11083.999914673695,160,69.2749994667106
100,1.5,Pink_vs_Green,11083.999914673695,160,69.2749994667106
0,1,Pink_vs_Dark Pink,2942.0730219449974,108,27.241416869861087
50,1,Pink_vs_Dark Pink,2942.0730219449974,108,27.241416869861087
100,1,Pink_vs_Dark Pink,2942.0730219449974,108,27.241416869861087
0,1.25,Pink_vs_Dark Pink,3054.6968807594876,113,27.03271575893352
50,1.25,Pink_vs_Dark Pink,3054.6968807594876,113,27.03271575893352
100,1.25,Pink_vs_Dark Pink,3054.6968807594876,113,27.03271575893352
0,1.5,Pink_vs_Dark Pink,3054.6968807594876,113,27.03271575893352
50,1.5,Pink_vs_Dark Pink,3054.6968807594876,113,27.03271575893352
100,1.5,Pink_vs_Dark Pink,3054.6968807594876,113,27.03271575893352
0,1,Pink_vs_Orange,13362.80413168607,125,106.90243305348856
50,1,Pink_vs_Orange,13362.80413168607,125,106.90243305348856
100,1,Pink_vs_Orange,13362.80413168607,125,106.90243305348856
0,1.25,Pink_vs_Orange,13631.428208167708,129,105.66998610982719
50,1.25,Pink_vs_Orange,13631.428208167708,129,105.66998610982719
100,1.25,Pink_vs_Orange,13631.428208167708,129,105.66998610982719
0,1.5,Pink_vs_Orange,13437.062379176958,124,108.36340628368514
50,1.5,Pink_vs_Orange,13437.062379176958,124,108.36340628368514
100,1.5,Pink_vs_Orange,13437.062379176958,124,108.36340628368514
0,1,Pink_vs_Pale Green,4244.525849117884,100,42.44525849117884
50,1,Pink_vs_Pale Green,4244.525849117884,100,42.44525849117884
100,1,Pink_vs_Pale Green,4244.525849117884,100,42.44525849117884
0,1.25,Pink_vs_Pale Green,4170.036486746563,117,35.64133749356037
50,1.25,Pink_vs_Pale Green,4170.036486746563,117,35.64133749356037
100,1.25,Pink_vs_Pale Green,4170.036486746563,117,35.64133749356037
0,1.5,Pink_vs_Pale Green,4593.3063140004615,131,35.06340697710276
50,1.5,Pink_vs_Pale Green,4593.3063140004615,131,35.06340697710276
100,1.5,Pink_vs_Pale Green,4593.3063140004615,131,35.06340697710276
0,1,Turquoise_vs_White,5749.293227598505,154,37.3330729064838
50,1,Turquoise_vs_White,5749.293227598505,154,37.3330729064838
100,1,Turquoise_vs_White,5749.293227598505,154,37.3330729064838
0,1.25,Turquoise_vs_White,5833.930001922126,179,32.591787720235345
50,1.25,Turquoise_vs_White,5833.930001922126,179,32.591787720235345
100,1.25,Turquoise_vs_White,5833.930001922126,179,32.591787720235345
0,1.5,Turquoise_vs_White,5426.389234848525,176,30.831757016184802
50,1.5,Turquoise_vs_White,5426.389234848525,176,30.831757016184802
100,1.5,Turquoise_vs_White,5426.389234848525,176,30.831757016184802
0,1,Turquoise_vs_Yellow,5507.633353781717,126,43.711375823664426
50,1,Turquoise_vs_Yellow,5507.633353781717,126,43.711375823664426
100,1,Turquoise_vs_Yellow,5507.633353781717,126,43.711375823664426
0,1.25,Turquoise_vs_Yellow,5507.633353781717,126,43.711375823664426
50,1.25,Turquoise_vs_Yellow,5507.633353781717,126,43.711375823664426
100,1.25,Turquoise_vs_Yellow,5507.633353781717,126,43.711375823664426
0,1.5,Turquoise_vs_Yellow,5157.676636959493,116,44.46272962896115
50,1.5,Turquoise_vs_Yellow,5157.676636959493,116,44.46272962896115
100,1.5,Turquoise_vs_Yellow,5157.676636959493,116,44.46272962896115
0,1,Turquoise_vs_Pale Blue,3309.0392627824262,80,41.36299078478033
50,1,Turquoise_vs_Pale Blue,3309.0392627824262,80,41.36299078478033
100,1,Turquoise_vs_Pale Blue,3309.0392627824262,80,41.36299078478033
0,1.25,Turquoise_vs_Pale Blue,3403.7499428290657,94,36.2101057747773
50,1.25,Turquoise_vs_Pale Blue,3403.7499428290657,94,36.2101057747773
100,1.25,Turquoise_vs_Pale Blue,3403.7499428290657,94,36.2101057747773
0,1.5,Turquoise_vs_Pale Blue,3081.520877766619,81,38.04346762674838
50,1.5,Turquoise_vs_Pale Blue,3081.520877766619,81,38.04346762674838
100,1.5,Turquoise_vs_Pale Blue,3081.520877766619,81,38.04346762674838
0,1,Turquoise_vs_Green,3829.257731674686,109,35.13080487774941
50,1,Turquoise_vs_Green,3829.257731674686,109,35.13080487774941
100,1,Turquoise_vs_Green,3829.257731674686,109,35.13080487774941
0,1.25,Turquoise_vs_Green,3707.4486616507093,103,35.994647200492324
50,1.25,Turquoise_vs_Green,3707.4486616507093,103,35.994647200492324
100,1.25,Turquoise_vs_Green,3707.4486616507093,103,35.994647200492324
0,1.5,Turquoise_vs_Green,4118.306243448238,95,43.35059203629724
50,1.5,Turquoise_vs_Green,4118.306243448238,95,43.35059203629724
100,1.5,Turquoise_vs_Green,4118.306243448238,95,43.35059203629724
0,1,Turquoise_vs_Dark Pink,3205.194998169526,107,29.95509344083669
50,1,Turquoise_vs_Dark Pink,3205.194998169526,107,29.95509344083669
100,1,Turquoise_vs_Dark Pink,3205.194998169526,107,29.95509344083669
0,1.25,Turquoise_vs_Dark Pink,3205.194998169526,107,29.95509344083669
50,1.25,Turquoise_vs_Dark Pink,3205.194998169526,107,29.95509344083669
100,1.25,Turquoise_vs_Dark Pink,3205.194998169526,107,29.95509344083669
0,1.5,Turquoise_vs_Dark Pink,3773.415511857449,151,24.989506701042707
50,1.5,Turquoise_vs_Dark Pink,3773.415511857449,151,24.989506701042707
100,1.5,Turquoise_vs_Dark Pink,3773.415511857449,151,24.989506701042707
0,1,Turquoise_vs_Orange,5083.589127267212,131,38.80602387226879
50,1,Turquoise_vs_Orange,5083.589127267212,131,38.80602387226879
100,1,Turquoise_vs_Orange,5083.589127267212,131,38.80602387226879
0,1.25,Turquoise_vs_Orange,4171.871179557195,91,45.844738236892255
50,1.25,Turquoise_vs_Orange,4171.871179557195,91,45.844738236892255
100,1.25,Turquoise_vs_Orange,4171.871179557195,91,45.844738236892255
0,1.5,Turquoise_vs_Orange,4527.01219923057,98,46.194002032965
50,1.5,Turquoise_vs_Orange,4527.01219923057,98,46.194002032965
100,1.5,Turquoise_vs_Orange,4527.01219923057,98,46.194002032965
0,1,Turquoise_vs_Pale Green,2912.513876768922,75,38.83351835691896
50,1,Turquoise_vs_Pale Green,2912.513876768922,75,38.83351835691896
100,1,Turquoise_vs_Pale Green,2912.513876768922,75,38.83351835691896
0,1.25,Turquoise_vs_Pale Green,2957.485163995976,73,40.513495397205155
50,1.25,Turquoise_vs_Pale Green,2957.485163995976,73,40.513495397205155
100,1.25,Turquoise_vs_Pale Green,2957.485163995976,73,40.513495397205155
0,1.5,Turquoise_vs_Pale Green,2575.9657739335594,57,45.19238199883438
50,1.5,Turquoise_vs_Pale Green,2575.9657739335594,57,45.19238199883438
100,1.5,Turquoise_vs_Pale Green,2575.9657739335594,57,45.19238199883438
0,1,White_vs_Yellow,10020.19872441889,126,79.52538670173722
50,1,White_vs_Yellow,10020.19872441889,126,79.52538670173722
100,1,White_vs_Yellow,10020.19872441889,126,79.52538670173722
0,1.25,White_vs_Yellow,10177.621031455004,148,68.76770967199327
50,1.25,White_vs_Yellow,10177.621031455004,148,68.76770967199327
100,1.25,White_vs_Yellow,10177.621031455004,148,68.76770967199327
0,1.5,White_vs_Yellow,10766.262396858367,182,59.15528789482619
50,1.5,White_vs_Yellow,10766.262396858367,182,59.15528789482619
100,1.5,White_vs_Yellow,10766.262396858367,182,59.15528789482619
0,1,White_vs_Pale Blue,6176.314874612931,97,63.67334922281372
50,1,White_vs_Pale Blue,6176.314874612931,97,63.67334922281372
100,1,White_vs_Pale Blue,6176.314874612931,97,63.67334922281372
0,1.25,White_vs_Pale Blue,6176.314874612931,97,63.67334922281372
50,1.25,White_vs_Pale Blue,6176.314874612931,97,63.67334922281372
100,1.25,White_vs_Pale Blue,6176.314874612931,97,63.67334922281372
0,1.5,White_vs_Pale Blue,6111.150850954903,95,64.32790369426213
50,1.5,White_vs_Pale Blue,6111.150850954903,95,64.32790369426213
100,1.5,White_vs_Pale Blue,6111.150850954903,95,64.32790369426213
0,1,White_vs_Green,7050.572035247365,98,71.94461260456495
50,1,White_vs_Green,7050.572035247365,98,71.94461260456495
100,1,White_vs_Green,7050.572035247365,98,71.94461260456495
0,1.25,White_vs_Green,7042.246187241377,117,60.1901383524904
50,1.25,White_vs_Green,7042.246187241377,117,60.1901383524904
100,1.25,White_vs_Green,7042.246187241377,117,60.1901383524904
0,1.5,White_vs_Green,7345.30105371243,136,54.00956657141493
50,1.5,White_vs_Green,7345.30105371243,136,54.00956657141493
100,1.5,White_vs_Green,7345.30105371243,136,54.00956657141493
0,1,White_vs_Dark Pink,3755.872829048831,167,22.490256461370247
50,1,White_vs_Dark Pink,3755.872829048831,167,22.490256461370247
100,1,White_vs_Dark Pink,3755.872829048831,167,22.490256461370247
0,1.25,White_vs_Dark Pink,3755.872829048831,167,22.490256461370247
50,1.25,White_vs_Dark Pink,3755.872829048831,167,22.490256461370247
100,1.25,White_vs_Dark Pink,3755.872829048831,167,22.490256461370247
0,1.5,White_vs_Dark Pink,3643.3866419654073,140,26.02419029975291
50,1.5,White_vs_Dark Pink,3643.3866419654073,140,26.02419029975291
100,1.5,White_vs_Dark Pink,3643.3866419654073,140,26.02419029975291
0,1,White_vs_Orange,9445.10931384753,197,47.944717329175276
50,1,White_vs_Orange,9445.10931384753,197,47.944717329175276
100,1,White_vs_Orange,9445.10931384753,197,47.944717329175276
0,1.25,White_vs_Orange,8770.987562659502,169,51.89933469029291
50,1.25,White_vs_Orange,8770.987562659502,169,51.89933469029291
100,1.25,White_vs_Orange,8770.987562659502,169,51.89933469029291
0,1.5,White_vs_Orange,8770.987562659502,169,51.89933469029291
50,1.5,White_vs_Orange,8770.987562659502,169,51.89933469029291
100,1.5,White_vs_Orange,8770.987562659502,169,51.89933469029291
0,1,White_vs_Pale Green,4733.803195403083,93,50.90110962799014
50,1,White_vs_Pale Green,4733.803195403083,93,50.90110962799014
100,1,White_vs_Pale Green,4733.803195403083,93,50.90110962799014
0,1.25,White_vs_Pale Green,4535.392593733815,91,49.839479052019946
50,1.25,White_vs_Pale Green,4535.392593733815,91,49.839479052019946
100,1.25,White_vs_Pale Green,4535.392593733815,91,49.839479052019946
0,1.5,White_vs_Pale Green,4767.939888242911,108,44.14759155780474
50,1.5,White_vs_Pale Green,4767.939888242911,108,44.14759155780474
100,1.5,White_vs_Pale Green,4767.939888242911,108,44.14759155780474
0,1,Yellow_vs_Pale Blue,9233.871130853278,132,69.9535691731309
50,1,Yellow_vs_Pale Blue,9233.871130853278,132,69.9535691731309
100,1,Yellow_vs_Pale Blue,9233.871130853278,132,69.9535691731309
0,1.25,Yellow_vs_Pale Blue,9536.014889561013,133,71.69936007188731
50,1.25,Yellow_vs_Pale Blue,9536.014889561013,133,71.69936007188731
100,1.25,Yellow_vs_Pale Blue,9536.014889561013,133,71.69936007188731
0,1.5,Yellow_vs_Pale Blue,9364.948023750336,130,72.03806172115642
50,1.5,Yellow_vs_Pale Blue,9364.948023750336,130,72.03806172115642
100,1.5,Yellow_vs_Pale Blue,9364.948023750336,130,72.03806172115642
0,1,Yellow_vs_Green,11191.065171753176,130,86.08511670579367
50,1,Yellow_vs_Green,11191.065171753176,130,86.08511670579367
100,1,Yellow_vs_Green,11191.065171753176,130,86.08511670579367
0,1.25,Yellow_vs_Green,11804.072506641018,165,71.53983337358193
50,1.25,Yellow_vs_Green,11804.072506641018,165,71.53983337358193
100,1.25,Yellow_vs_Green,11804.072506641018,165,71.53983337358193
0,1.5,Yellow_vs_Green,12288.188129269502,166,74.02522969439458
50,1.5,Yellow_vs_Green,12288.188129269502,166,74.02522969439458
100,1.5,Yellow_vs_Green,12288.188129269502,166,74.02522969439458
0,1,Yellow_vs_Dark Pink,4636.102423256297,175,26.49201384717884
50,1,Yellow_vs_Dark Pink,4636.102423256297,175,26.49201384717884
100,1,Yellow_vs_Dark Pink,4636.102423256297,175,26.49201384717884
0,1.25,Yellow_vs_Dark Pink,4636.102423256297,175,26.49201384717884
50,1.25,Yellow_vs_Dark Pink,4636.102423256297,175,26.49201384717884
100,1.25,Yellow_vs_Dark Pink,4636.102423256297,175,26.49201384717884
0,1.5,Yellow_vs_Dark Pink,4322.564181635751,185,23.365211792625683
50,1.5,Yellow_vs_Dark Pink,4322.564181635751,185,23.365211792625683
100,1.5,Yellow_vs_Dark Pink,4322.564181635751,185,23.365211792625683
0,1,Yellow_vs_Orange,14659.932289198443,120,122.16610240998702
50,1,Yellow_vs_Orange,14659.932289198443,120,122.16610240998702
100,1,Yellow_vs_Orange,14659.932289198443,120,122.16610240998702
0,1.25,Yellow_vs_Orange,14659.932289198443,120,122.16610240998702
50,1.25,Yellow_vs_Orange,14659.932289198443,120,122.16610240998702
100,1.25,Yellow_vs_Orange,14659.932289198443,120,122.16610240998702
0,1.5,Yellow_vs_Orange,14686.754089616174,156,94.14585954882162
50,1.5,Yellow_vs_Orange,14686.754089616174,156,94.14585954882162
100,1.5,Yellow_vs_Orange,14686.754089616174,156,94.14585954882162
0,1,Yellow_vs_Pale Green,5177.747825462058,117,44.25425491847913
50,1,Yellow_vs_Pale Green,5177.747825462058,117,44.25425491847913
100,1,Yellow_vs_Pale Green,5177.747825462058,117,44.25425491847913
0,1.25,Yellow_vs_Pale Green,5153.031563100404,113,45.60204923097703
50,1.25,Yellow_vs_Pale Green,5153.031563100404,113,45.60204923097703
100,1.25,Yellow_vs_Pale Green,5153.031563100404,113,45.60204923097703
0,1.5,Yellow_vs_Pale Green,5227.3675553480525,126,41.48704409006391
50,1.5,Yellow_vs_Pale Green,5227.3675553480525,126,41.48704409006391
100,1.5,Yellow_vs_Pale Green,5227.3675553480525,126,41.48704409006391
0,1,Pale Blue_vs_Green,5149.536570896597,69,74.63096479560286
50,1,Pale Blue_vs_Green,5149.536570896597,69,74.63096479560286
100,1,Pale Blue_vs_Green,5149.536570896597,69,74.63096479560286
0,1.25,Pale Blue_vs_Green,5296.034746906023,68,77.88286392508859
50,1.25,Pale Blue_vs_Green,5296.034746906023,68,77.88286392508859
100,1.25,Pale Blue_vs_Green,5296.034746906023,68,77.88286392508859
0,1.5,Pale Blue_vs_Green,6366.787919752063,100,63.667879197520634
50,1.5,Pale Blue_vs_Green,6366.787919752063,100,63.667879197520634
100,1.5,Pale Blue_vs_Green,6366.787919752063,100,63.667879197520634
0,1,Pale Blue_vs_Dark Pink,1987.4249253787448,103,19.29538762503636
50,1,Pale Blue_vs_Dark Pink,1987.4249253787448,103,19.29538762503636
100,1,Pale Blue_vs_Dark Pink,1987.4249253787448,103,19.29538762503636
0,1.25,Pale Blue_vs_Dark Pink,1987.4249253787448,103,19.29538762503636
50,1.25,Pale Blue_vs_Dark Pink,1987.4249253787448,103,19.29538762503636
100,1.25,Pale Blue_vs_Dark Pink,1987.4249253787448,103,19.29538762503636
0,1.5,Pale Blue_vs_Dark Pink,2267.444524414645,124,18.28584293882778
50,1.5,Pale Blue_vs_Dark Pink,2267.444524414645,124,18.28584293882778
100,1.5,Pale Blue_vs_Dark Pink,2267.444524414645,124,18.28584293882778
0,1,Pale Blue_vs_Orange,7249.417409487006,87,83.32663689065524
50,1,Pale Blue_vs_Orange,7249.417409487006,87,83.32663689065524
100,1,Pale Blue_vs_Orange,7249.417409487006,87,83.32663689065524
0,1.25,Pale Blue_vs_Orange,7152.505993976454,89,80.36523588737589
50,1.25,Pale Blue_vs_Orange,7152.505993976454,89,80.36523588737589
100,1.25,Pale Blue_vs_Orange,7152.505993976454,89,80.36523588737589
0,1.5,Pale Blue_vs_Orange,8418.487356490483,113,74.49988811053525
50,1.5,Pale Blue_vs_Orange,8418.487356490483,113,74.49988811053525
100,1.5,Pale Blue_vs_Orange,8418.487356490483,113,74.49988811053525
0,1,Pale Blue_vs_Pale Green,2439.7832486792854,66,36.966412858777055
50,1,Pale Blue_vs_Pale Green,2439.7832486792854,66,36.966412858777055
100,1,Pale Blue_vs_Pale Green,2439.7832486792854,66,36.966412858777055
0,1.25,Pale Blue_vs_Pale Green,2376.3036269687145,53,44.83591748997575
50,1.25,Pale Blue_vs_Pale Green,2376.3036269687145,53,44.83591748997575
100,1.25,Pale Blue_vs_Pale Green,2376.3036269687145,53,44.83591748997575
0,1.5,Pale Blue_vs_Pale Green,2376.3036269687145,53,44.83591748997575
50,1.5,Pale Blue_vs_Pale Green,2376.3036269687145,53,44.83591748997575
100,1.5,Pale Blue_vs_Pale Green,2376.3036269687145,53,44.83591748997575
0,1,Green_vs_Dark Pink,2598.1516143352756,131,19.833218430040272
50,1,Green_vs_Dark Pink,2598.1516143352756,131,19.833218430040272
100,1,Green_vs_Dark Pink,2598.1516143352756,131,19.833218430040272
0,1.25,Green_vs_Dark Pink,2526.0938961052466,110,22.964489964593152
50,1.25,Green_vs_Dark Pink,2526.0938961052466,110,22.964489964593152
100,1.25,Green_vs_Dark Pink,2526.0938961052466,110,22.964489964593152
0,1.5,Green_vs_Dark Pink,2526.0938961052466,110,22.964489964593152
50,1.5,Green_vs_Dark Pink,2526.0938961052466,110,22.964489964593152
100,1.5,Green_vs_Dark Pink,2526.0938961052466,110,22.964489964593152
0,1,Green_vs_Orange,10401.096079267414,124,83.87980709086624
50,1,Green_vs_Orange,10401.096079267414,124,83.87980709086624
100,1,Green_vs_Orange,10401.096079267414,124,83.87980709086624
0,1.25,Green_vs_Orange,10401.096079267414,124,83.87980709086624
50,1.25,Green_vs_Orange,10401.096079267414,124,83.87980709086624
100,1.25,Green_vs_Orange,10401.096079267414,124,83.87980709086624
0,1.5,Green_vs_Orange,10576.129558564355,138,76.63861998959678
50,1.5,Green_vs_Orange,10576.129558564355,138,76.63861998959678
100,1.5,Green_vs_Orange,10576.129558564355,138,76.63861998959678
0,1,Green_vs_Pale Green,2850.79356755483,93,30.65369427478312
50,1,Green_vs_Pale Green,2850.79356755483,93,30.65369427478312
100,1,Green_vs_Pale Green,2850.79356755483,93,30.65369427478312
0,1.25,Green_vs_Pale Green,2801.938419142206,113,24.79591521364784
50,1.25,Green_vs_Pale Green,2801.938419142206,113,24.79591521364784
100,1.25,Green_vs_Pale Green,2801.938419142206,113,24.79591521364784
0,1.5,Green_vs_Pale Green,2347.3305744147597,71,33.060994005841685
50,1.5,Green_vs_Pale Green,2347.3305744147597,71,33.060994005841685
100,1.5,Green_vs_Pale Green,2347.3305744147597,71,33.060994005841685
0,1,Dark Pink_vs_Orange,3371.3563495745448,116,29.06341680667711
50,1,Dark Pink_vs_Orange,3371.3563495745448,116,29.06341680667711
100,1,Dark Pink_vs_Orange,3371.3563495745448,116,29.06341680667711
0,1.25,Dark Pink_vs_Orange,3371.3563495745448,116,29.06341680667711
50,1.25,Dark Pink_vs_Orange,3371.3563495745448,116,29.06341680667711
100,1.25,Dark Pink_vs_Orange,3371.3563495745448,116,29.06341680667711
0,1.5,Dark Pink_vs_Orange,3371.3563495745448,116,29.06341680667711
50,1.5,Dark Pink_vs_Orange,3371.3563495745448,116,29.06341680667711
100,1.5,Dark Pink_vs_Orange,3371.3563495745448,116,29.06341680667711
0,1,Dark Pink_vs_Pale Green,2149.314356158534,131,16.406979818004075
50,1,Dark Pink_vs_Pale Green,2149.314356158534,131,16.406979818004075
100,1,Dark Pink_vs_Pale Green,2149.314356158534,131,16.406979818004075
0,1.25,Dark Pink_vs_Pale Green,2149.314356158534,131,16.406979818004075
50,1.25,Dark Pink_vs_Pale Green,2149.314356158534,131,16.406979818004075
100,1.25,Dark Pink_vs_Pale Green,2149.314356158534,131,16.406979818004075
0,1.5,Dark Pink_vs_Pale Green,1940.7953219504807,129,15.044924976360315
50,1.5,Dark Pink_vs_Pale Green,1940.7953219504807,129,15.044924976360315
100,1.5,Dark Pink_vs_Pale Green,1940.7953219504807,129,15.044924976360315
0,1,Orange_vs_Pale Green,4250.028717180767,105,40.47646397315016
50,1,Orange_vs_Pale Green,4250.028717180767,105,40.47646397315016
100,1,Orange_vs_Pale Green,4250.028717180767,105,40.47646397315016
0,1.25,Orange_vs_Pale Green,4028.343840654279,87,46.30280276614114
50,1.25,Orange_vs_Pale Green,4028.343840654279,87,46.30280276614114
100,1.25,Orange_vs_Pale Green,4028.343840654279,87,46.30280276614114
0,1.5,Orange_vs_Pale Green,4113.305096337605,89,46.21691119480455
50,1.5,Orange_vs_Pale Green,4113.305096337605,89,46.21691119480455
100,1.5,Orange_vs_Pale Green,4113.305096337605,89,46.21691119480455
0,1,Blue_vs_Pink,10537.480724760158,101,104.33149232435801
50,1,Blue_vs_Pink,10537.480724760158,101,104.33149232435801
100,1,Blue_vs_Pink,10537.480724760158,101,104.33149232435801
0,1.25,Blue_vs_Pink,10938.290443768805,127,86.128271210778
50,1.25,Blue_vs_Pink,10938.290443768805,127,86.128271210778
100,1.25,Blue_vs_Pink,10938.290443768805,127,86.128271210778
0,1.5,Blue_vs_Pink,10120.495627398068,117,86.49996262733391
50,1.5,Blue_vs_Pink,10120.495627398068,117,86.49996262733391
100,1.5,Blue_vs_Pink,10120.495627398068,117,86.49996262733391
0,1,Blue_vs_Turquoise,2952.4367245209855,70,42.17766749315694
50,1,Blue_vs_Turquoise,2952.4367245209855,70,42.17766749315694
100,1,Blue_vs_Turquoise,2952.4367245209855,70,42.17766749315694
0,1.25,Blue_vs_Turquoise,3059.7823076282925,84,36.42597985271777
50,1.25,Blue_vs_Turquoise,3059.7823076282925,84,36.42597985271777
100,1.25,Blue_vs_Turquoise,3059.7823076282925,84,36.42597985271777
0,1.5,Blue_vs_Turquoise,3226.8904264209586,79,40.84671425849315
50,1.5,Blue_vs_Turquoise,3226.8904264209586,79,40.84671425849315
100,1.5,Blue_vs_Turquoise,3226.8904264209586,79,40.84671425849315
0,1,Blue_vs_White,7506.388172725689,150,50.04258781817126
50,1,Blue_vs_White,7506.388172725689,150,50.04258781817126
100,1,Blue_vs_White,7506.388172725689,150,50.04258781817126
0,1.25,Blue_vs_White,7977.193711284802,180,44.31774284047112
50,1.25,Blue_vs_White,7977.193711284802,180,44.31774284047112
100,1.25,Blue_vs_White,7977.193711284802,180,44.31774284047112
0,1.5,Blue_vs_White,7977.193711284802,180,44.31774284047112
50,1.5,Blue_vs_White,7977.193711284802,180,44.31774284047112
100,1.5,Blue_vs_White,7977.193711284802,180,44.31774284047112
0,1,Blue_vs_Yellow,13569.006503164042,134,101.2612425609257
50,1,Blue_vs_Yellow,13569.006503164042,134,101.2612425609257
100,1,Blue_vs_Yellow,13569.006503164042,134,101.2612425609257
0,1.25,Blue_vs_Yellow,13517.211728089598,143,94.5259561404867
50,1.25,Blue_vs_Yellow,13517.211728089598,143,94.5259561404867
100,1.25,Blue_vs_Yellow,13517.211728089598,143,94.5259561404867
0,1.5,Blue_vs_Yellow,14538.375057571684,173,84.03685004376696
50,1.5,Blue_vs_Yellow,14538.375057571684,173,84.03685004376696
100,1.5,Blue_vs_Yellow,14538.375057571684,173,84.03685004376696
0,1,Blue_vs_Pale Blue,5294.832346536008,89,59.492498275685485
50,1,Blue_vs_Pale Blue,5294.832346536008,89,59.492498275685485
100,1,Blue_vs_Pale Blue,5294.832346536008,89,59.492498275685485
0,1.25,Blue_vs_Pale Blue,5221.7220206081665,80,65.27152525760208
50,1.25,Blue_vs_Pale Blue,5221.7220206081665,80,65.27152525760208
100,1.25,Blue_vs_Pale Blue,5221.7220206081665,80,65.27152525760208
0,1.5,Blue_vs_Pale Blue,5373.047640955546,93,57.774705816726296
50,1.5,Blue_vs_Pale Blue,5373.047640955546,93,57.774705816726296
100,1.5,Blue_vs_Pale Blue,5373.047640955546,93,57.774705816726296
0,1,Blue_vs_Green,5935.071717824448,111,53.469114574995025
50,1,Blue_vs_Green,5935.071717824448,111,53.469114574995025
100,1,Blue_vs_Green,5935.071717824448,111,53.469114574995025
0,1.25,Blue_vs_Green,6164.036884597049,126,48.92092765553213
50,1.25,Blue_vs_Green,6164.036884597049,126,48.92092765553213
100,1.25,Blue_vs_Green,6164.036884597049,126,48.92092765553213
0,1.5,Blue_vs_Green,5976.238647380086,129,46.327431375039424
50,1.5,Blue_vs_Green,5976.238647380086,129,46.327431375039424
100,1.5,Blue_vs_Green,5976.238647380086,129,46.327431375039424
0,1,Blue_vs_Dark Pink,2689.536990443686,137,19.631656864552454
50,1,Blue_vs_Dark Pink,2689.536990443686,137,19.631656864552454
100,1,Blue_vs_Dark Pink,2689.536990443686,137,19.631656864552454
0,1.25,Blue_vs_Dark Pink,2571.426389776903,117,21.97800333142652
50,1.25,Blue_vs_Dark Pink,2571.426389776903,117,21.97800333142652
100,1.25,Blue_vs_Dark Pink,2571.426389776903,117,21.97800333142652
0,1.5,Blue_vs_Dark Pink,2571.426389776903,117,21.97800333142652
50,1.5,Blue_vs_Dark Pink,2571.426389776903,117,21.97800333142652
100,1.5,Blue_vs_Dark Pink,2571.426389776903,117,21.97800333142652
0,1,Blue_vs_Orange,10665.56720022973,122,87.42268196909615
50,1,Blue_vs_Orange,10665.56720022973,122,87.42268196909615
100,1,Blue_vs_Orange,10665.56720022973,122,87.42268196909615
0,1.25,Blue_vs_Orange,10665.56720022973,122,87.42268196909615
50,1.25,Blue_vs_Orange,10665.56720022973,122,87.42268196909615
100,1.25,Blue_vs_Orange,10665.56720022973,122,87.42268196909615
0,1.5,Blue_vs_Orange,10665.56720022973,122,87.42268196909615
50,1.5,Blue_vs_Orange,10665.56720022973,122,87.42268196909615
100,1.5,Blue_vs_Orange,10665.56720022973,122,87.42268196909615
0,1,Blue_vs_Pale Green,2427.301129532446,66,36.777289841400695
50,1,Blue_vs_Pale Green,2427.301129532446,66,36.777289841400695
100,1,Blue_vs_Pale Green,2427.301129532446,66,36.777289841400695
0,1.25,Blue_vs_Pale Green,2308.6914365409525,64,36.07330369595238
50,1.25,Blue_vs_Pale Green,2308.6914365409525,64,36.07330369595238
100,1.25,Blue_vs_Pale Green,2308.6914365409525,64,36.07330369595238
0,1.5,Blue_vs_Pale Green,2511.4661765227206,80,31.393327206534007
50,1.5,Blue_vs_Pale Green,2511.4661765227206,80,31.393327206534007
100,1.5,Blue_vs_Pale Green,2511.4661765227206,80,31.393327206534007
0,1,Pink_vs_Turquoise,3858.1763127755244,74,52.13751774020979
50,1,Pink_vs_Turquoise,3858.1763127755244,74,52.13751774020979
100,1,Pink_vs_Turquoise,3858.1763127755244,74,52.13751774020979
0,1.25,Pink_vs_Turquoise,3991.93614112366,78,51.178668475944356
50,1.25,Pink_vs_Turquoise,3991.93614112366,78,51.178668475944356
100,1.25,Pink_vs_Turquoise,3991.93614112366,78,51.178668475944356
0,1.5,Pink_vs_Turquoise,4108.178757431204,79,52.00226275229372
50,1.5,Pink_vs_Turquoise,4108.178757431204,79,52.00226275229372
100,1.5,Pink_vs_Turquoise,4108.178757431204,79,52.00226275229372
0,1,Pink_vs_White,9147.965504304484,163,56.122487756469226
50,1,Pink_vs_White,9147.965504304484,163,56.122487756469226
100,1,Pink_vs_White,9147.965504304484,163,56.122487756469226
0,1.25,Pink_vs_White,7979.193585167292,114,69.992926185678
50,1.25,Pink_vs_White,7979.193585167292,114,69.992926185678
100,1.25,Pink_vs_White,7979.193585167292,114,69.992926185678
0,1.5,Pink_vs_White,9142.425117256671,166,55.074850103955846
50,1.5,Pink_vs_White,9142.425117256671,166,55.074850103955846
100,1.5,Pink_vs_White,9142.425117256671,166,55.074850103955846
0,1,Pink_vs_Yellow,23137.296866948567,145,159.5675645996453
50,1,Pink_vs_Yellow,23137.296866948567,145,159.5675645996453
100,1,Pink_vs_Yellow,23137.296866948567,145,159.5675645996453
0,1.25,Pink_vs_Yellow,22500.389276994592,137,164.2364180802525
50,1.25,Pink_vs_Yellow,22500.389276994592,137,164.2364180802525
100,1.25,Pink_vs_Yellow,22500.389276994592,137,164.2364180802525
0,1.5,Pink_vs_Yellow,21377.54633602888,140,152.69675954306345
50,1.5,Pink_vs_Yellow,21377.54633602888,140,152.69675954306345
100,1.5,Pink_vs_Yellow,21377.54633602888,140,152.69675954306345
0,1,Pink_vs_Pale Blue,7033.405512418693,88,79.92506264112151
50,1,Pink_vs_Pale Blue,7033.405512418693,88,79.92506264112151
100,1,Pink_vs_Pale Blue,7033.405512418693,88,79.92506264112151
0,1.25,Pink_vs_Pale Blue,6783.719995245635,81,83.74962957093376
50,1.25,Pink_vs_Pale Blue,6783.719995245635,81,83.74962957093376
100,1.25,Pink_vs_Pale Blue,6783.719995245635,81,83.74962957093376
0,1.5,Pink_vs_Pale Blue,6847.360958326904,84,81.5162018848441
50,1.5,Pink_vs_Pale Blue,6847.360958326904,84,81.5162018848441
100,1.5,Pink_vs_Pale Blue,6847.360958326904,84,81.5162018848441
0,1,Pink_vs_Green,8848.180020906797,120,73.73483350755664
50,1,Pink_vs_Green,8848.180020906797,120,73.73483350755664
100,1,Pink_vs_Green,8848.180020906797,120,73.73483350755664
0,1.25,Pink_vs_Green,9933.418631435718,188,52.837333145934664
50,1.25,Pink_vs_Green,9933.418631435718,188,52.837333145934664
100,1.25,Pink_vs_Green,9933.418631435718,188,52.837333145934664
0,1.5,Pink_vs_Green,9572.473870732618,135,70.90721385727865
50,1.5,Pink_vs_Green,9572.473870732618,135,70.90721385727865
100,1.5,Pink_vs_Green,9572.473870732618,135,70.90721385727865
0,1,Pink_vs_Dark Pink,3063.134500795556,105,29.172709531386246
50,1,Pink_vs_Dark Pink,3063.134500795556,105,29.172709531386246
100,1,Pink_vs_Dark Pink,3063.134500795556,105,29.172709531386246
0,1.25,Pink_vs_Dark Pink,3063.134500795556,105,29.172709531386246
50,1.25,Pink_vs_Dark Pink,3063.134500795556,105,29.172709531386246
100,1.25,Pink_vs_Dark Pink,3063.134500795556,105,29.172709531386246
0,1.5,Pink_vs_Dark Pink,3369.5383782589165,138,24.41694476999215
50,1.5,Pink_vs_Dark Pink,3369.5383782589165,138,24.41694476999215
100,1.5,Pink_vs_Dark Pink,3369.5383782589165,138,24.41694476999215
0,1,Pink_vs_Orange,14086.473234853274,136,103.57700907980349
50,1,Pink_vs_Orange,14086.473234853274,136,103.57700907980349
100,1,Pink_vs_Orange,14086.473234853274,136,103.57700907980349
0,1.25,Pink_vs_Orange,15638.574913696995,164,95.3571641079085
50,1.25,Pink_vs_Orange,15638.574913696995,164,95.3571641079085
100,1.25,Pink_vs_Orange,15638.574913696995,164,95.3571641079085
0,1.5,Pink_vs_Orange,13647.306933661337,116,117.64919770397704
50,1.5,Pink_vs_Orange,13647.306933661337,116,117.64919770397704
100,1.5,Pink_vs_Orange,13647.306933661337,116,117.64919770397704
0,1,Pink_vs_Pale Green,4016.177591217824,83,48.387681821901495
50,1,Pink_vs_Pale Green,4016.177591217824,83,48.387681821901495
100,1,Pink_vs_Pale Green,4016.177591217824,83,48.387681821901495
0,1.25,Pink_vs_Pale Green,4279.4683655992985,104,41.148734284608636
50,1.25,Pink_vs_Pale Green,4279.4683655992985,104,41.148734284608636
100,1.25,Pink_vs_Pale Green,4279.4683655992985,104,41.148734284608636
0,1.5,Pink_vs_Pale Green,4369.833357784438,107,40.83956409144334
50,1.5,Pink_vs_Pale Green,4369.833357784438,107,40.83956409144334
100,1.5,Pink_vs_Pale Green,4369.833357784438,107,40.83956409144334
0,1,Turquoise_vs_White,5887.684723364908,161,36.56947033145905
50,1,Turquoise_vs_White,5887.684723364908,161,36.56947033145905
100,1,Turquoise_vs_White,5887.684723364908,161,36.56947033145905
0,1.25,Turquoise_vs_White,5638.833905928181,147,38.35941432604204
50,1.25,Turquoise_vs_White,5638.833905928181,147,38.35941432604204
100,1.25,Turquoise_vs_White,5638.833905928181,147,38.35941432604204
0,1.5,Turquoise_vs_White,5382.023015473844,142,37.90157053150594
50,1.5,Turquoise_vs_White,5382.023015473844,142,37.90157053150594
100,1.5,Turquoise_vs_White,5382.023015473844,142,37.90157053150594
0,1,Turquoise_vs_Yellow,5616.281902537247,138,40.69769494592208
50,1,Turquoise_vs_Yellow,5616.281902537247,138,40.69769494592208
100,1,Turquoise_vs_Yellow,5616.281902537247,138,40.69769494592208
0,1.25,Turquoise_vs_Yellow,5616.281902537247,138,40.69769494592208
50,1.25,Turquoise_vs_Yellow,5616.281902537247,138,40.69769494592208
100,1.25,Turquoise_vs_Yellow,5616.281902537247,138,40.69769494592208
0,1.5,Turquoise_vs_Yellow,5511.9254915541305,140,39.37089636824379
50,1.5,Turquoise_vs_Yellow,5511.9254915541305,140,39.37089636824379
100,1.5,Turquoise_vs_Yellow,5511.9254915541305,140,39.37089636824379
0,1,Turquoise_vs_Pale Blue,3206.4433617128593,83,38.631847731480235
50,1,Turquoise_vs_Pale Blue,3206.4433617128593,83,38.631847731480235
100,1,Turquoise_vs_Pale Blue,3206.4433617128593,83,38.631847731480235
0,1.25,Turquoise_vs_Pale Blue,3206.4433617128593,83,38.631847731480235
50,1.25,Turquoise_vs_Pale Blue,3206.4433617128593,83,38.631847731480235
100,1.25,Turquoise_vs_Pale Blue,3206.4433617128593,83,38.631847731480235
0,1.5,Turquoise_vs_Pale Blue,3310.9130809087173,85,38.951918598926085
50,1.5,Turquoise_vs_Pale Blue,3310.9130809087173,85,38.951918598926085
100,1.5,Turquoise_vs_Pale Blue,3310.9130809087173,85,38.951918598926085
0,1,Turquoise_vs_Green,3736.9883691019527,122,30.63105220575371
50,1,Turquoise_vs_Green,3736.9883691019527,122,30.63105220575371
100,1,Turquoise_vs_Green,3736.9883691019527,122,30.63105220575371
0,1.25,Turquoise_vs_Green,3805.8861458160045,122,31.195788080459053
50,1.25,Turquoise_vs_Green,3805.8861458160045,122,31.195788080459053
100,1.25,Turquoise_vs_Green,3805.8861458160045,122,31.195788080459053
0,1.5,Turquoise_vs_Green,3630.1916401838785,106,34.24709094513093
50,1.5,Turquoise_vs_Green,3630.1916401838785,106,34.24709094513093
100,1.5,Turquoise_vs_Green,3630.1916401838785,106,34.24709094513093
0,1,Turquoise_vs_Dark Pink,3173.8307671608027,106,29.94179969019625
50,1,Turquoise_vs_Dark Pink,3173.8307671608027,106,29.94179969019625
100,1,Turquoise_vs_Dark Pink,3173.8307671608027,106,29.94179969019625
0,1.25,Turquoise_vs_Dark Pink,3243.400712594488,110,29.485461023586257
50,1.25,Turquoise_vs_Dark Pink,3243.400712594488,110,29.485461023586257
100,1.25,Turquoise_vs_Dark Pink,3243.400712594488,110,29.485461023586257
0,1.5,Turquoise_vs_Dark Pink,4020.6247422009824,164,24.516004525615745
50,1.5,Turquoise_vs_Dark Pink,4020.6247422009824,164,24.516004525615745
100,1.5,Turquoise_vs_Dark Pink,4020.6247422009824,164,24.516004525615745
0,1,Turquoise_vs_Orange,4348.175523784035,91,47.78214861301138
50,1,Turquoise_vs_Orange,4348.175523784035,91,47.78214861301138
100,1,Turquoise_vs_Orange,4348.175523784035,91,47.78214861301138
0,1.25,Turquoise_vs_Orange,4348.175523784035,91,47.78214861301138
50,1.25,Turquoise_vs_Orange,4348.175523784035,91,47.78214861301138
100,1.25,Turquoise_vs_Orange,4348.175523784035,91,47.78214861301138
0,1.5,Turquoise_vs_Orange,4348.175523784035,91,47.78214861301138
50,1.5,Turquoise_vs_Orange,4348.175523784035,91,47.78214861301138
100,1.5,Turquoise_vs_Orange,4348.175523784035,91,47.78214861301138
0,1,Turquoise_vs_Pale Green,2934.121318850896,78,37.6169399852679
50,1,Turquoise_vs_Pale Green,2934.121318850896,78,37.6169399852679
100,1,Turquoise_vs_Pale Green,2934.121318850896,78,37.6169399852679
0,1.25,Turquoise_vs_Pale Green,3009.734582211725,76,39.601770818575325
50,1.25,Turquoise_vs_Pale Green,3009.734582211725,76,39.601770818575325
100,1.25,Turquoise_vs_Pale Green,3009.734582211725,76,39.601770818575325
0,1.5,Turquoise_vs_Pale Green,2566.8592653281216,60,42.78098775546869
50,1.5,Turquoise_vs_Pale Green,2566.8592653281216,60,42.78098775546869
100,1.5,Turquoise_vs_Pale Green,2566.8592653281216,60,42.78098775546869
0,1,White_vs_Yellow,10517.724909646511,166,63.35978861232838
50,1,White_vs_Yellow,10517.724909646511,166,63.35978861232838
100,1,White_vs_Yellow,10517.724909646511,166,63.35978861232838
0,1.25,White_vs_Yellow,10607.097220079366,172,61.66916988418236
50,1.25,White_vs_Yellow,10607.097220079366,172,61.66916988418236
100,1.25,White_vs_Yellow,10607.097220079366,172,61.66916988418236
0,1.5,White_vs_Yellow,10574.010957282502,179,59.07268691219275
50,1.5,White_vs_Yellow,10574.010957282502,179,59.07268691219275
100,1.5,White_vs_Yellow,10574.010957282502,179,59.07268691219275
0,1,White_vs_Pale Blue,6699.603509943129,143,46.850374195406495
50,1,White_vs_Pale Blue,6699.603509943129,143,46.850374195406495
100,1,White_vs_Pale Blue,6699.603509943129,143,46.850374195406495
0,1.25,White_vs_Pale Blue,6115.391482677129,94,65.05735619869286
50,1.25,White_vs_Pale Blue,6115.391482677129,94,65.05735619869286
100,1.25,White_vs_Pale Blue,6115.391482677129,94,65.05735619869286
0,1.5,White_vs_Pale Blue,6097.61055505441,95,64.18537426373062
50,1.5,White_vs_Pale Blue,6097.61055505441,95,64.18537426373062
100,1.5,White_vs_Pale Blue,6097.61055505441,95,64.18537426373062
0,1,White_vs_Green,7151.407705302525,99,72.23644146770228
50,1,White_vs_Green,7151.407705302525,99,72.23644146770228
100,1,White_vs_Green,7151.407705302525,99,72.23644146770228
0,1.25,White_vs_Green,7188.278089027759,116,61.96791456058413
50,1.25,White_vs_Green,7188.278089027759,116,61.96791456058413
100,1.25,White_vs_Green,7188.278089027759,116,61.96791456058413
0,1.5,White_vs_Green,7498.902209141042,146,51.362343898226314
50,1.5,White_vs_Green,7498.902209141042,146,51.362343898226314
100,1.5,White_vs_Green,7498.902209141042,146,51.362343898226314
0,1,White_vs_Dark Pink,3332.9226497987647,129,25.83660968836252
50,1,White_vs_Dark Pink,3332.9226497987647,129,25.83660968836252
100,1,White_vs_Dark Pink,3332.9226497987647,129,25.83660968836252
0,1.25,White_vs_Dark Pink,3332.9226497987647,129,25.83660968836252
50,1.25,White_vs_Dark Pink,3332.9226497987647,129,25.83660968836252
100,1.25,White_vs_Dark Pink,3332.9226497987647,129,25.83660968836252
0,1.5,White_vs_Dark Pink,3561.741532642341,137,25.998113376951395
50,1.5,White_vs_Dark Pink,3561.741532642341,137,25.998113376951395
100,1.5,White_vs_Dark Pink,3561.741532642341,137,25.998113376951395
0,1,White_vs_Orange,10035.327888629196,187,53.66485501940746
50,1,White_vs_Orange,10035.327888629196,187,53.66485501940746
100,1,White_vs_Orange,10035.327888629196,187,53.66485501940746
0,1.25,White_vs_Orange,9184.032888600563,165,55.660805385457955
50,1.25,White_vs_Orange,9184.032888600563,165,55.660805385457955
100,1.25,White_vs_Orange,9184.032888600563,165,55.660805385457955
0,1.5,White_vs_Orange,8205.78073478036,145,56.5915912743473
50,1.5,White_vs_Orange,8205.78073478036,145,56.5915912743473
100,1.5,White_vs_Orange,8205.78073478036,145,56.5915912743473
0,1,White_vs_Pale Green,4713.991749357364,93,50.68808332642327
50,1,White_vs_Pale Green,4713.991749357364,93,50.68808332642327
100,1,White_vs_Pale Green,4713.991749357364,93,50.68808332642327
0,1.25,White_vs_Pale Green,4845.297688344502,122,39.71555482249592
50,1.25,White_vs_Pale Green,4845.297688344502,122,39.71555482249592
100,1.25,White_vs_Pale Green,4845.297688344502,122,39.71555482249592
0,1.5,White_vs_Pale Green,4668.530987176716,100,46.68530987176716
50,1.5,White_vs_Pale Green,4668.530987176716,100,46.68530987176716
100,1.5,White_vs_Pale Green,4668.530987176716,100,46.68530987176716
0,1,Yellow_vs_Pale Blue,9377.18793998685,114,82.25603456128816
50,1,Yellow_vs_Pale Blue,9377.18793998685,114,82.25603456128816
100,1,Yellow_vs_Pale Blue,9377.18793998685,114,82.25603456128816
0,1.25,Yellow_vs_Pale Blue,9372.879914960742,115,81.50330360835427
50,1.25,Yellow_vs_Pale Blue,9372.879914960742,115,81.50330360835427
100,1.25,Yellow_vs_Pale Blue,9372.879914960742,115,81.50330360835427
0,1.5,Yellow_vs_Pale Blue,9293.637528774789,134,69.35550394608052
50,1.5,Yellow_vs_Pale Blue,9293.637528774789,134,69.35550394608052
100,1.5,Yellow_vs_Pale Blue,9293.637528774789,134,69.35550394608052
0,1,Yellow_vs_Green,11590.986303092695,135,85.85915780068663
50,1,Yellow_vs_Green,11590.986303092695,135,85.85915780068663
100,1,Yellow_vs_Green,11590.986303092695,135,85.85915780068663
0,1.25,Yellow_vs_Green,11388.202811374069,133,85.62558504792533
50,1.25,Yellow_vs_Green,11388.202811374069,133,85.62558504792533
100,1.25,Yellow_vs_Green,11388.202811374069,133,85.62558504792533
0,1.5,Yellow_vs_Green,12016.669687583373,155,77.52690121021531
50,1.5,Yellow_vs_Green,12016.669687583373,155,77.52690121021531
100,1.5,Yellow_vs_Green,12016.669687583373,155,77.52690121021531
0,1,Yellow_vs_Dark Pink,3783.0989270549117,147,25.735366850713685
50,1,Yellow_vs_Dark Pink,3783.0989270549117,147,25.735366850713685
100,1,Yellow_vs_Dark Pink,3783.0989270549117,147,25.735366850713685
0,1.25,Yellow_vs_Dark Pink,3783.0989270549117,147,25.735366850713685
50,1.25,Yellow_vs_Dark Pink,3783.0989270549117,147,25.735366850713685
100,1.25,Yellow_vs_Dark Pink,3783.0989270549117,147,25.735366850713685
0,1.5,Yellow_vs_Dark Pink,4264.149731173285,167,25.53383072558853
50,1.5,Yellow_vs_Dark Pink,4264.149731173285,167,25.53383072558853
100,1.5,Yellow_vs_Dark Pink,4264.149731173285,167,25.53383072558853
0,1,Yellow_vs_Orange,14864.030409605346,120,123.86692008004455
50,1,Yellow_vs_Orange,14864.030409605346,120,123.86692008004455
100,1,Yellow_vs_Orange,14864.030409605346,120,123.86692008004455
0,1.25,Yellow_vs_Orange,14864.030409605346,120,123.86692008004455
50,1.25,Yellow_vs_Orange,14864.030409605346,120,123.86692008004455
100,1.25,Yellow_vs_Orange,14864.030409605346,120,123.86692008004455
0,1.5,Yellow_vs_Orange,14649.703319388806,136,107.7184067602118
50,1.5,Yellow_vs_Orange,14649.703319388806,136,107.7184067602118
100,1.5,Yellow_vs_Orange,14649.703319388806,136,107.7184067602118
0,1,Yellow_vs_Pale Green,5584.145842125426,116,48.139188294184706
50,1,Yellow_vs_Pale Green,5584.145842125426,116,48.139188294184706
100,1,Yellow_vs_Pale Green,5584.145842125426,116,48.139188294184706
0,1.25,Yellow_vs_Pale Green,5359.3242391205395,104,51.531963837697496
50,1.25,Yellow_vs_Pale Green,5359.3242391205395,104,51.531963837697496
100,1.25,Yellow_vs_Pale Green,5359.3242391205395,104,51.531963837697496
0,1.5,Yellow_vs_Pale Green,5379.926141897098,106,50.7540202065764
50,1.5,Yellow_vs_Pale Green,5379.926141897098,106,50.7540202065764
100,1.5,Yellow_vs_Pale Green,5379.926141897098,106,50.7540202065764
0,1,Pale Blue_vs_Green,5021.079267885409,67,74.94148161022999
50,1,Pale Blue_vs_Green,5021.079267885409,67,74.94148161022999
100,1,Pale Blue_vs_Green,5021.079267885409,67,74.94148161022999
0,1.25,Pale Blue_vs_Green,5090.973749642878,70,72.72819642346968
50,1.25,Pale Blue_vs_Green,5090.973749642878,70,72.72819642346968
100,1.25,Pale Blue_vs_Green,5090.973749642878,70,72.72819642346968
0,1.5,Pale Blue_vs_Green,5583.131256007335,75,74.44175008009779
50,1.5,Pale Blue_vs_Green,5583.131256007335,75,74.44175008009779
100,1.5,Pale Blue_vs_Green,5583.131256007335,75,74.44175008009779
0,1,Pale Blue_vs_Dark Pink,1864.352697699497,88,21.185826110221555
50,1,Pale Blue_vs_Dark Pink,1864.352697699497,88,21.185826110221555
100,1,Pale Blue_vs_Dark Pink,1864.352697699497,88,21.185826110221555
0,1.25,Pale Blue_vs_Dark Pink,1894.1860857041897,91,20.815231711035054
50,1.25,Pale Blue_vs_Dark Pink,1894.1860857041897,91,20.815231711035054
100,1.25,Pale Blue_vs_Dark Pink,1894.1860857041897,91,20.815231711035054
0,1.5,Pale Blue_vs_Dark Pink,1894.1860857041897,91,20.815231711035054
50,1.5,Pale Blue_vs_Dark Pink,1894.1860857041897,91,20.815231711035054
100,1.5,Pale Blue_vs_Dark Pink,1894.1860857041897,91,20.815231711035054
0,1,Pale Blue_vs_Orange,7509.753920224867,97,77.42014350747286
50,1,Pale Blue_vs_Orange,7509.753920224867,97,77.42014350747286
100,1,Pale Blue_vs_Orange,7509.753920224867,97,77.42014350747286
0,1.25,Pale Blue_vs_Orange,7716.497209080903,109,70.79355237688902
50,1.25,Pale Blue_vs_Orange,7716.497209080903,109,70.79355237688902
100,1.25,Pale Blue_vs_Orange,7716.497209080903,109,70.79355237688902
0,1.5,Pale Blue_vs_Orange,7970.618278693694,109,73.1249383366394
50,1.5,Pale Blue_vs_Orange,7970.618278693694,109,73.1249383366394
100,1.5,Pale Blue_vs_Orange,7970.618278693694,109,73.1249383366394
0,1,Pale Blue_vs_Pale Green,2275.4858996802204,51,44.617370581965105
50,1,Pale Blue_vs_Pale Green,2275.4858996802204,51,44.617370581965105
100,1,Pale Blue_vs_Pale Green,2275.4858996802204,51,44.617370581965105
0,1.25,Pale Blue_vs_Pale Green,2228.3533940071984,50,44.567067880143966
50,1.25,Pale Blue_vs_Pale Green,2228.3533940071984,50,44.567067880143966
100,1.25,Pale Blue_vs_Pale Green,2228.3533940071984,50,44.567067880143966
0,1.5,Pale Blue_vs_Pale Green,2450.4935833112913,59,41.53378954764901
50,1.5,Pale Blue_vs_Pale Green,2450.4935833112913,59,41.53378954764901
100,1.5,Pale Blue_vs_Pale Green,2450.4935833112913,59,41.53378954764901
0,1,Green_vs_Dark Pink,2505.106274663019,103,24.321420142359408
50,1,Green_vs_Dark Pink,2505.106274663019,103,24.321420142359408
100,1,Green_vs_Dark Pink,2505.106274663019,103,24.321420142359408
0,1.25,Green_vs_Dark Pink,2117.6434369800836,134,15.803309231194653
50,1.25,Green_vs_Dark Pink,2117.6434369800836,134,15.803309231194653
100,1.25,Green_vs_Dark Pink,2117.6434369800836,134,15.803309231194653
0,1.5,Green_vs_Dark Pink,1964.912427269702,121,16.23894567991489
50,1.5,Green_vs_Dark Pink,1964.912427269702,121,16.23894567991489
100,1.5,Green_vs_Dark Pink,1964.912427269702,121,16.23894567991489
0,1,Green_vs_Orange,11075.712420140157,115,96.31054278382744
50,1,Green_vs_Orange,11075.712420140157,115,96.31054278382744
100,1,Green_vs_Orange,11075.712420140157,115,96.31054278382744
0,1.25,Green_vs_Orange,11075.712420140157,115,96.31054278382744
50,1.25,Green_vs_Orange,11075.712420140157,115,96.31054278382744
100,1.25,Green_vs_Orange,11075.712420140157,115,96.31054278382744
0,1.5,Green_vs_Orange,9820.183987243247,117,83.9331964721645
50,1.5,Green_vs_Orange,9820.183987243247,117,83.9331964721645
100,1.5,Green_vs_Orange,9820.183987243247,117,83.9331964721645
0,1,Green_vs_Pale Green,2675.1966418955267,84,31.847579070184842
50,1,Green_vs_Pale Green,2675.1966418955267,84,31.847579070184842
100,1,Green_vs_Pale Green,2675.1966418955267,84,31.847579070184842
0,1.25,Green_vs_Pale Green,2591.172869749268,100,25.91172869749268
50,1.25,Green_vs_Pale Green,2591.172869749268,100,25.91172869749268
100,1.25,Green_vs_Pale Green,2591.172869749268,100,25.91172869749268
0,1.5,Green_vs_Pale Green,2753.812309587399,99,27.81628595542827
50,1.5,Green_vs_Pale Green,2753.812309587399,99,27.81628595542827
100,1.5,Green_vs_Pale Green,2753.812309587399,99,27.81628595542827
0,1,Dark Pink_vs_Orange,3673.7019663494784,139,26.429510549276824
50,1,Dark Pink_vs_Orange,3673.7019663494784,139,26.429510549276824
100,1,Dark Pink_vs_Orange,3673.7019663494784,139,26.429510549276824
0,1.25,Dark Pink_vs_Orange,3553.6052442001323,129,27.54732747441963
50,1.25,Dark Pink_vs_Orange,3553.6052442001323,129,27.54732747441963
100,1.25,Dark Pink_vs_Orange,3553.6052442001323,129,27.54732747441963
0,1.5,Dark Pink_vs_Orange,3636.5215762885005,139,26.162025728694246
50,1.5,Dark Pink_vs_Orange,3636.5215762885005,139,26.162025728694246
100,1.5,Dark Pink_vs_Orange,3636.5215762885005,139,26.162025728694246
0,1,Dark Pink_vs_Pale Green,2352.298974195784,141,16.68297144819705
50,1,Dark Pink_vs_Pale Green,2352.298974195784,141,16.68297144819705
100,1,Dark Pink_vs_Pale Green,2352.298974195784,141,16.68297144819705
0,1.25,Dark Pink_vs_Pale Green,2352.298974195784,141,16.68297144819705
50,1.25,Dark Pink_vs_Pale Green,2352.298974195784,141,16.68297144819705
100,1.25,Dark Pink_vs_Pale Green,2352.298974195784,141,16.68297144819705
0,1.5,Dark Pink_vs_Pale Green,2082.7521902895724,129,16.145365816198236
50,1.5,Dark Pink_vs_Pale Green,2082.7521902895724,129,16.145365816198236
100,1.5,Dark Pink_vs_Pale Green,2082.7521902895724,129,16.145365816198236
0,1,Orange_vs_Pale Green,3963.770836112494,67,59.160758747947675
50,1,Orange_vs_Pale Green,3963.770836112494,67,59.160758747947675
100,1,Orange_vs_Pale Green,3963.770836112494,67,59.160758747947675
0,1.25,Orange_vs_Pale Green,3965.440851431207,90,44.06045390479119
50,1.25,Orange_vs_Pale Green,3965.440851431207,90,44.06045390479119
100,1.25,Orange_vs_Pale Green,3965.440851431207,90,44.06045390479119
0,1.5,Orange_vs_Pale Green,4247.451444616731,102,41.6416808295758
50,1.5,Orange_vs_Pale Green,4247.451444616731,102,41.6416808295758
100,1.5,Orange_vs_Pale Green,4247.451444616731,102,41.6416808295758
0,1,Blue_vs_Pink,12322.291962198264,102,120.80678394312024
50,1,Blue_vs_Pink,12322.291962198264,102,120.80678394312024
100,1,Blue_vs_Pink,12322.291962198264,102,120.80678394312024
0,1.25,Blue_vs_Pink,11135.722981621357,106,105.05399039265431
50,1.25,Blue_vs_Pink,11135.722981621357,106,105.05399039265431
100,1.25,Blue_vs_Pink,11135.722981621357,106,105.05399039265431
0,1.5,Blue_vs_Pink,11165.320659282035,113,98.80814742727465
50,1.5,Blue_vs_Pink,11165.320659282035,113,98.80814742727465
100,1.5,Blue_vs_Pink,11165.320659282035,113,98.80814742727465
0,1,Blue_vs_Turquoise,3046.6238154504495,70,43.52319736357785
50,1,Blue_vs_Turquoise,3046.6238154504495,70,43.52319736357785
100,1,Blue_vs_Turquoise,3046.6238154504495,70,43.52319736357785
0,1.25,Blue_vs_Turquoise,3068.4756695042233,72,42.6177176320031
50,1.25,Blue_vs_Turquoise,3068.4756695042233,72,42.6177176320031
100,1.25,Blue_vs_Turquoise,3068.4756695042233,72,42.6177176320031
0,1.5,Blue_vs_Turquoise,2769.361214911052,68,40.72590021928017
50,1.5,Blue_vs_Turquoise,2769.361214911052,68,40.72590021928017
100,1.5,Blue_vs_Turquoise,2769.361214911052,68,40.72590021928017
0,1,Blue_vs_White,6757.953960348345,111,60.882468111246354
50,1,Blue_vs_White,6757.953960348345,111,60.882468111246354
100,1,Blue_vs_White,6757.953960348345,111,60.882468111246354
0,1.25,Blue_vs_White,7758.444328223466,173,44.84649900707206
50,1.25,Blue_vs_White,7758.444328223466,173,44.84649900707206
100,1.25,Blue_vs_White,7758.444328223466,173,44.84649900707206
0,1.5,Blue_vs_White,7983.902972764799,201,39.72091031226268
50,1.5,Blue_vs_White,7983.902972764799,201,39.72091031226268
100,1.5,Blue_vs_White,7983.902972764799,201,39.72091031226268
0,1,Blue_vs_Yellow,13325.576828231582,126,105.75854625580621
50,1,Blue_vs_Yellow,13325.576828231582,126,105.75854625580621
100,1,Blue_vs_Yellow,13325.576828231582,126,105.75854625580621
0,1.25,Blue_vs_Yellow,13713.12125843568,147,93.28653917303184
50,1.25,Blue_vs_Yellow,13713.12125843568,147,93.28653917303184
100,1.25,Blue_vs_Yellow,13713.12125843568,147,93.28653917303184
0,1.5,Blue_vs_Yellow,13180.619810906144,130,101.3893831608165
50,1.5,Blue_vs_Yellow,13180.619810906144,130,101.3893831608165
100,1.5,Blue_vs_Yellow,13180.619810906144,130,101.3893831608165
0,1,Blue_vs_Pale Blue,5473.371728498366,92,59.49317096193876
50,1,Blue_vs_Pale Blue,5473.371728498366,92,59.49317096193876
100,1,Blue_vs_Pale Blue,5473.371728498366,92,59.49317096193876
0,1.25,Blue_vs_Pale Blue,5274.809427532423,91,57.96493876409256
50,1.25,Blue_vs_Pale Blue,5274.809427532423,91,57.96493876409256
100,1.25,Blue_vs_Pale Blue,5274.809427532423,91,57.96493876409256
0,1.5,Blue_vs_Pale Blue,5389.678773013914,91,59.22723926388917
50,1.5,Blue_vs_Pale Blue,5389.678773013914,91,59.22723926388917
100,1.5,Blue_vs_Pale Blue,5389.678773013914,91,59.22723926388917
0,1,Blue_vs_Green,5919.937611755466,116,51.03394492892643
50,1,Blue_vs_Green,5919.937611755466,116,51.03394492892643
100,1,Blue_vs_Green,5919.937611755466,116,51.03394492892643
0,1.25,Blue_vs_Green,6002.430354836237,110,54.56754868032942
50,1.25,Blue_vs_Green,6002.430354836237,110,54.56754868032942
100,1.25,Blue_vs_Green,6002.430354836237,110,54.56754868032942
0,1.5,Blue_vs_Green,5811.453315282052,135,43.04780233542261
50,1.5,Blue_vs_Green,5811.453315282052,135,43.04780233542261
100,1.5,Blue_vs_Green,5811.453315282052,135,43.04780233542261
0,1,Blue_vs_Dark Pink,2605.981046910073,125,20.847848375280584
50,1,Blue_vs_Dark Pink,2605.981046910073,125,20.847848375280584
100,1,Blue_vs_Dark Pink,2605.981046910073,125,20.847848375280584
0,1.25,Blue_vs_Dark Pink,2488.995701184371,131,18.999967184613517
50,1.25,Blue_vs_Dark Pink,2488.995701184371,131,18.999967184613517
100,1.25,Blue_vs_Dark Pink,2488.995701184371,131,18.999967184613517
0,1.5,Blue_vs_Dark Pink,2650.166664222757,131,20.23027987956303
50,1.5,Blue_vs_Dark Pink,2650.166664222757,131,20.23027987956303
100,1.5,Blue_vs_Dark Pink,2650.166664222757,131,20.23027987956303
0,1,Blue_vs_Orange,10455.488252128735,104,100.53354088585321
50,1,Blue_vs_Orange,10455.488252128735,104,100.53354088585321
100,1,Blue_vs_Orange,10455.488252128735,104,100.53354088585321
0,1.25,Blue_vs_Orange,10455.488252128735,104,100.53354088585321
50,1.25,Blue_vs_Orange,10455.488252128735,104,100.53354088585321
100,1.25,Blue_vs_Orange,10455.488252128735,104,100.53354088585321
0,1.5,Blue_vs_Orange,10455.488252128735,104,100.53354088585321
50,1.5,Blue_vs_Orange,10455.488252128735,104,100.53354088585321
100,1.5,Blue_vs_Orange,10455.488252128735,104,100.53354088585321
0,1,Blue_vs_Pale Green,2467.66603016182,65,37.9640927717203
50,1,Blue_vs_Pale Green,2467.66603016182,65,37.9640927717203
100,1,Blue_vs_Pale Green,2467.66603016182,65,37.9640927717203
0,1.25,Blue_vs_Pale Green,2172.955233969668,63,34.49135292015346
50,1.25,Blue_vs_Pale Green,2172.955233969668,63,34.49135292015346
100,1.25,Blue_vs_Pale Green,2172.955233969668,63,34.49135292015346
0,1.5,Blue_vs_Pale Green,2237.37056688394,68,32.90250833652853
50,1.5,Blue_vs_Pale Green,2237.37056688394,68,32.90250833652853
100,1.5,Blue_vs_Pale Green,2237.37056688394,68,32.90250833652853
0,1,Pink_vs_Turquoise,4095.2418702215327,88,46.5368394343356
50,1,Pink_vs_Turquoise,4095.2418702215327,88,46.5368394343356
100,1,Pink_vs_Turquoise,4095.2418702215327,88,46.5368394343356
0,1.25,Pink_vs_Turquoise,4289.902051864431,94,45.6372558708982
50,1.25,Pink_vs_Turquoise,4289.902051864431,94,45.6372558708982
100,1.25,Pink_vs_Turquoise,4289.902051864431,94,45.6372558708982
0,1.5,Pink_vs_Turquoise,4051.416869883428,86,47.1094984870166
50,1.5,Pink_vs_Turquoise,4051.416869883428,86,47.1094984870166
100,1.5,Pink_vs_Turquoise,4051.416869883428,86,47.1094984870166
0,1,Pink_vs_White,9156.755506917783,121,75.67566534642796
50,1,Pink_vs_White,9156.755506917783,121,75.67566534642796
100,1,Pink_vs_White,9156.755506917783,121,75.67566534642796
0,1.25,Pink_vs_White,8830.42733570643,121,72.97873831162339
50,1.25,Pink_vs_White,8830.42733570643,121,72.97873831162339
100,1.25,Pink_vs_White,8830.42733570643,121,72.97873831162339
0,1.5,Pink_vs_White,9167.185214077834,162,56.58756304986317
50,1.5,Pink_vs_White,9167.185214077834,162,56.58756304986317
100,1.5,Pink_vs_White,9167.185214077834,162,56.58756304986317
0,1,Pink_vs_Yellow,22894.731145835467,147,155.7464703798331
50,1,Pink_vs_Yellow,22894.731145835467,147,155.7464703798331
100,1,Pink_vs_Yellow,22894.731145835467,147,155.7464703798331
0,1.25,Pink_vs_Yellow,22398.365576994485,137,163.49171954010572
50,1.25,Pink_vs_Yellow,22398.365576994485,137,163.49171954010572
100,1.25,Pink_vs_Yellow,22398.365576994485,137,163.49171954010572
0,1.5,Pink_vs_Yellow,22253.511514150894,151,147.3742484380854
50,1.5,Pink_vs_Yellow,22253.511514150894,151,147.3742484380854
100,1.5,Pink_vs_Yellow,22253.511514150894,151,147.3742484380854
0,1,Pink_vs_Pale Blue,6733.713763872115,95,70.88119751444331
50,1,Pink_vs_Pale Blue,6733.713763872115,95,70.88119751444331
100,1,Pink_vs_Pale Blue,6733.713763872115,95,70.88119751444331
0,1.25,Pink_vs_Pale Blue,6920.55373428041,102,67.84856602235696
50,1.25,Pink_vs_Pale Blue,6920.55373428041,102,67.84856602235696
100,1.25,Pink_vs_Pale Blue,6920.55373428041,102,67.84856602235696
0,1.5,Pink_vs_Pale Blue,7299.470070095533,116,62.926466121513215
50,1.5,Pink_vs_Pale Blue,7299.470070095533,116,62.926466121513215
100,1.5,Pink_vs_Pale Blue,7299.470070095533,116,62.926466121513215
0,1,Pink_vs_Green,8984.555137916286,106,84.75995413128572
50,1,Pink_vs_Green,8984.555137916286,106,84.75995413128572
100,1,Pink_vs_Green,8984.555137916286,106,84.75995413128572
0,1.25,Pink_vs_Green,9361.819865414027,170,55.06952862008251
50,1.25,Pink_vs_Green,9361.819865414027,170,55.06952862008251
100,1.25,Pink_vs_Green,9361.819865414027,170,55.06952862008251
0,1.5,Pink_vs_Green,9830.80062099819,129,76.20775675192395
50,1.5,Pink_vs_Green,9830.80062099819,129,76.20775675192395
100,1.5,Pink_vs_Green,9830.80062099819,129,76.20775675192395
0,1,Pink_vs_Dark Pink,2918.4355759001683,104,28.06188053750162
50,1,Pink_vs_Dark Pink,2918.4355759001683,104,28.06188053750162
100,1,Pink_vs_Dark Pink,2918.4355759001683,104,28.06188053750162
0,1.25,Pink_vs_Dark Pink,2907.970890129127,104,27.961258558933913
50,1.25,Pink_vs_Dark Pink,2907.970890129127,104,27.961258558933913
100,1.25,Pink_vs_Dark Pink,2907.970890129127,104,27.961258558933913
0,1.5,Pink_vs_Dark Pink,2907.970890129127,104,27.961258558933913
50,1.5,Pink_vs_Dark Pink,2907.970890129127,104,27.961258558933913
100,1.5,Pink_vs_Dark Pink,2907.970890129127,104,27.961258558933913
0,1,Pink_vs_Orange,14089.530747184177,150,93.93020498122785
50,1,Pink_vs_Orange,14089.530747184177,150,93.93020498122785
100,1,Pink_vs_Orange,14089.530747184177,150,93.93020498122785
0,1.25,Pink_vs_Orange,13914.152326473537,128,108.70431505057451
50,1.25,Pink_vs_Orange,13914.152326473537,128,108.70431505057451
100,1.25,Pink_vs_Orange,13914.152326473537,128,108.70431505057451
0,1.5,Pink_vs_Orange,13731.735171084032,135,101.71655682284468
50,1.5,Pink_vs_Orange,13731.735171084032,135,101.71655682284468
100,1.5,Pink_vs_Orange,13731.735171084032,135,101.71655682284468
0,1,Pink_vs_Pale Green,4412.823528862048,107,41.241341391234094
50,1,Pink_vs_Pale Green,4412.823528862048,107,41.241341391234094
100,1,Pink_vs_Pale Green,4412.823528862048,107,41.241341391234094
0,1.25,Pink_vs_Pale Green,4032.2286029155243,96,42.002381280370045
50,1.25,Pink_vs_Pale Green,4032.2286029155243,96,42.002381280370045
100,1.25,Pink_vs_Pale Green,4032.2286029155243,96,42.002381280370045
0,1.5,Pink_vs_Pale Green,4188.35468941074,104,40.27264124433404
50,1.5,Pink_vs_Pale Green,4188.35468941074,104,40.27264124433404
100,1.5,Pink_vs_Pale Green,4188.35468941074,104,40.27264124433404
0,1,Turquoise_vs_White,6105.200912333126,146,41.81644460502142
50,1,Turquoise_vs_White,6105.200912333126,146,41.81644460502142
100,1,Turquoise_vs_White,6105.200912333126,146,41.81644460502142
0,1.25,Turquoise_vs_White,6063.422067296226,159,38.13472998299513
50,1.25,Turquoise_vs_White,6063.422067296226,159,38.13472998299513
100,1.25,Turquoise_vs_White,6063.422067296226,159,38.13472998299513
0,1.5,Turquoise_vs_White,5680.813032383964,136,41.7706840616468
50,1.5,Turquoise_vs_White,5680.813032383964,136,41.7706840616468
100,1.5,Turquoise_vs_White,5680.813032383964,136,41.7706840616468
0,1,Turquoise_vs_Yellow,5465.3489663637365,140,39.03820690259812
50,1,Turquoise_vs_Yellow,5465.3489663637365,140,39.03820690259812
100,1,Turquoise_vs_Yellow,5465.3489663637365,140,39.03820690259812
0,1.25,Turquoise_vs_Yellow,5236.619931765491,126,41.56047564893247
50,1.25,Turquoise_vs_Yellow,5236.619931765491,126,41.56047564893247
100,1.25,Turquoise_vs_Yellow,5236.619931765491,126,41.56047564893247
0,1.5,Turquoise_vs_Yellow,5242.494862072322,124,42.27818437155098
50,1.5,Turquoise_vs_Yellow,5242.494862072322,124,42.27818437155098
100,1.5,Turquoise_vs_Yellow,5242.494862072322,124,42.27818437155098
0,1,Turquoise_vs_Pale Blue,3302.7594147993955,83,39.79228210601681
50,1,Turquoise_vs_Pale Blue,3302.7594147993955,83,39.79228210601681
100,1,Turquoise_vs_Pale Blue,3302.7594147993955,83,39.79228210601681
0,1.25,Turquoise_vs_Pale Blue,3627.156505832675,97,37.39336603951212
50,1.25,Turquoise_vs_Pale Blue,3627.156505832675,97,37.39336603951212
100,1.25,Turquoise_vs_Pale Blue,3627.156505832675,97,37.39336603951212
0,1.5,Turquoise_vs_Pale Blue,3295.5609431636863,87,37.88001084096191
50,1.5,Turquoise_vs_Pale Blue,3295.5609431636863,87,37.88001084096191
100,1.5,Turquoise_vs_Pale Blue,3295.5609431636863,87,37.88001084096191
0,1,Turquoise_vs_Green,3507.6631342838923,85,41.26662510922226
50,1,Turquoise_vs_Green,3507.6631342838923,85,41.26662510922226
100,1,Turquoise_vs_Green,3507.6631342838923,85,41.26662510922226
0,1.25,Turquoise_vs_Green,3964.8199350241457,113,35.0869020798597
50,1.25,Turquoise_vs_Green,3964.8199350241457,113,35.0869020798597
100,1.25,Turquoise_vs_Green,3964.8199350241457,113,35.0869020798597
0,1.5,Turquoise_vs_Green,3981.6781592495095,119,33.45948032982781
50,1.5,Turquoise_vs_Green,3981.6781592495095,119,33.45948032982781
100,1.5,Turquoise_vs_Green,3981.6781592495095,119,33.45948032982781
0,1,Turquoise_vs_Dark Pink,3317.8975063667285,114,29.104364090936215
50,1,Turquoise_vs_Dark Pink,3317.8975063667285,114,29.104364090936215
100,1,Turquoise_vs_Dark Pink,3317.8975063667285,114,29.104364090936215
0,1.25,Turquoise_vs_Dark Pink,3317.8975063667285,114,29.104364090936215
50,1.25,Turquoise_vs_Dark Pink,3317.8975063667285,114,29.104364090936215
100,1.25,Turquoise_vs_Dark Pink,3317.8975063667285,114,29.104364090936215
0,1.5,Turquoise_vs_Dark Pink,3787.127361817867,170,22.277219775399217
50,1.5,Turquoise_vs_Dark Pink,3787.127361817867,170,22.277219775399217
100,1.5,Turquoise_vs_Dark Pink,3787.127361817867,170,22.277219775399217
0,1,Turquoise_vs_Orange,4391.68563184615,99,44.360460927738885
50,1,Turquoise_vs_Orange,4391.68563184615,99,44.360460927738885
100,1,Turquoise_vs_Orange,4391.68563184615,99,44.360460927738885
0,1.25,Turquoise_vs_Orange,4272.356079595516,105,40.6891055199573
50,1.25,Turquoise_vs_Orange,4272.356079595516,105,40.6891055199573
100,1.25,Turquoise_vs_Orange,4272.356079595516,105,40.6891055199573
0,1.5,Turquoise_vs_Orange,4272.356079595516,105,40.6891055199573
50,1.5,Turquoise_vs_Orange,4272.356079595516,105,40.6891055199573
100,1.5,Turquoise_vs_Orange,4272.356079595516,105,40.6891055199573
0,1,Turquoise_vs_Pale Green,2926.718526141431,75,39.02291368188575
50,1,Turquoise_vs_Pale Green,2926.718526141431,75,39.02291368188575
100,1,Turquoise_vs_Pale Green,2926.718526141431,75,39.02291368188575
0,1.25,Turquoise_vs_Pale Green,2969.8406154955032,73,40.682748157472645
50,1.25,Turquoise_vs_Pale Green,2969.8406154955032,73,40.682748157472645
100,1.25,Turquoise_vs_Pale Green,2969.8406154955032,73,40.682748157472645
0,1.5,Turquoise_vs_Pale Green,2584.0502503188336,57,45.33421491787428
50,1.5,Turquoise_vs_Pale Green,2584.0502503188336,57,45.33421491787428
100,1.5,Turquoise_vs_Pale Green,2584.0502503188336,57,45.33421491787428
0,1,White_vs_Yellow,9756.827684746411,159,61.36369613048058
50,1,White_vs_Yellow,9756.827684746411,159,61.36369613048058
100,1,White_vs_Yellow,9756.827684746411,159,61.36369613048058
0,1.25,White_vs_Yellow,9756.827684746411,159,61.36369613048058
50,1.25,White_vs_Yellow,9756.827684746411,159,61.36369613048058
100,1.25,White_vs_Yellow,9756.827684746411,159,61.36369613048058
0,1.5,White_vs_Yellow,10538.261838933391,199,52.95608964288136
50,1.5,White_vs_Yellow,10538.261838933391,199,52.95608964288136
100,1.5,White_vs_Yellow,10538.261838933391,199,52.95608964288136
0,1,White_vs_Pale Blue,6673.547275814117,132,50.55717633192513
50,1,White_vs_Pale Blue,6673.547275814117,132,50.55717633192513
100,1,White_vs_Pale Blue,6673.547275814117,132,50.55717633192513
0,1.25,White_vs_Pale Blue,6224.408211978713,95,65.52008644188119
50,1.25,White_vs_Pale Blue,6224.408211978713,95,65.52008644188119
100,1.25,White_vs_Pale Blue,6224.408211978713,95,65.52008644188119
0,1.5,White_vs_Pale Blue,6179.266615170529,96,64.36736057469301
50,1.5,White_vs_Pale Blue,6179.266615170529,96,64.36736057469301
100,1.5,White_vs_Pale Blue,6179.266615170529,96,64.36736057469301
0,1,White_vs_Green,7363.818280179051,114,64.59489719455308
50,1,White_vs_Green,7363.818280179051,114,64.59489719455308
100,1,White_vs_Green,7363.818280179051,114,64.59489719455308
0,1.25,White_vs_Green,7216.02188158014,108,66.81501742203834
50,1.25,White_vs_Green,7216.02188158014,108,66.81501742203834
100,1.25,White_vs_Green,7216.02188158014,108,66.81501742203834
0,1.5,White_vs_Green,7195.498631189713,127,56.657469536926875
50,1.5,White_vs_Green,7195.498631189713,127,56.657469536926875
100,1.5,White_vs_Green,7195.498631189713,127,56.657469536926875
0,1,White_vs_Dark Pink,3605.5207519488963,145,24.86566035826825
50,1,White_vs_Dark Pink,3605.5207519488963,145,24.86566035826825
100,1,White_vs_Dark Pink,3605.5207519488963,145,24.86566035826825
0,1.25,White_vs_Dark Pink,3605.5207519488963,145,24.86566035826825
50,1.25,White_vs_Dark Pink,3605.5207519488963,145,24.86566035826825
100,1.25,White_vs_Dark Pink,3605.5207519488963,145,24.86566035826825
0,1.5,White_vs_Dark Pink,3728.5359772696424,162,23.015654180676805
50,1.5,White_vs_Dark Pink,3728.5359772696424,162,23.015654180676805
100,1.5,White_vs_Dark Pink,3728.5359772696424,162,23.015654180676805
0,1,White_vs_Orange,8022.6827708337205,133,60.32092308897534
50,1,White_vs_Orange,8022.6827708337205,133,60.32092308897534
100,1,White_vs_Orange,8022.6827708337205,133,60.32092308897534
0,1.25,White_vs_Orange,9002.649019163002,196,45.93188275083164
50,1.25,White_vs_Orange,9002.649019163002,196,45.93188275083164
100,1.25,White_vs_Orange,9002.649019163002,196,45.93188275083164
0,1.5,White_vs_Orange,9002.649019163002,196,45.93188275083164
50,1.5,White_vs_Orange,9002.649019163002,196,45.93188275083164
100,1.5,White_vs_Orange,9002.649019163002,196,45.93188275083164
0,1,White_vs_Pale Green,4865.693791999046,93,52.31928808601125
50,1,White_vs_Pale Green,4865.693791999046,93,52.31928808601125
100,1,White_vs_Pale Green,4865.693791999046,93,52.31928808601125
0,1.25,White_vs_Pale Green,5035.100566425168,94,53.56489964282093
50,1.25,White_vs_Pale Green,5035.100566425168,94,53.56489964282093
100,1.25,White_vs_Pale Green,5035.100566425168,94,53.56489964282093
0,1.5,White_vs_Pale Green,5076.391323664246,104,48.81145503523313
50,1.5,White_vs_Pale Green,5076.391323664246,104,48.81145503523313
100,1.5,White_vs_Pale Green,5076.391323664246,104,48.81145503523313
0,1,Yellow_vs_Pale Blue,9362.202587761765,116,80.70864299794626
50,1,Yellow_vs_Pale Blue,9362.202587761765,116,80.70864299794626
100,1,Yellow_vs_Pale Blue,9362.202587761765,116,80.70864299794626
0,1.25,Yellow_vs_Pale Blue,8944.872843359852,110,81.31702584872592
50,1.25,Yellow_vs_Pale Blue,8944.872843359852,110,81.31702584872592
100,1.25,Yellow_vs_Pale Blue,8944.872843359852,110,81.31702584872592
0,1.5,Yellow_vs_Pale Blue,9117.478147037546,116,78.59894954342711
50,1.5,Yellow_vs_Pale Blue,9117.478147037546,116,78.59894954342711
100,1.5,Yellow_vs_Pale Blue,9117.478147037546,116,78.59894954342711
0,1,Yellow_vs_Green,12495.646995724657,136,91.87975732150483
50,1,Yellow_vs_Green,12495.646995724657,136,91.87975732150483
100,1,Yellow_vs_Green,12495.646995724657,136,91.87975732150483
0,1.25,Yellow_vs_Green,11963.171203402275,153,78.19066146014559
50,1.25,Yellow_vs_Green,11963.171203402275,153,78.19066146014559
100,1.25,Yellow_vs_Green,11963.171203402275,153,78.19066146014559
0,1.5,Yellow_vs_Green,12433.94889922132,173,71.87253698971861
50,1.5,Yellow_vs_Green,12433.94889922132,173,71.87253698971861
100,1.5,Yellow_vs_Green,12433.94889922132,173,71.87253698971861
0,1,Yellow_vs_Dark Pink,3375.0570066526548,133,25.376368471072592
50,1,Yellow_vs_Dark Pink,3375.0570066526548,133,25.376368471072592
100,1,Yellow_vs_Dark Pink,3375.0570066526548,133,25.376368471072592
0,1.25,Yellow_vs_Dark Pink,3497.431979595899,145,24.120220548937233
50,1.25,Yellow_vs_Dark Pink,3497.431979595899,145,24.120220548937233
100,1.25,Yellow_vs_Dark Pink,3497.431979595899,145,24.120220548937233
0,1.5,Yellow_vs_Dark Pink,4079.7181145646696,155,26.32076202944948
50,1.5,Yellow_vs_Dark Pink,4079.7181145646696,155,26.32076202944948
100,1.5,Yellow_vs_Dark Pink,4079.7181145646696,155,26.32076202944948
0,1,Yellow_vs_Orange,14718.494909514295,120,122.65412424595246
50,1,Yellow_vs_Orange,14718.494909514295,120,122.65412424595246
100,1,Yellow_vs_Orange,14718.494909514295,120,122.65412424595246
0,1.25,Yellow_vs_Orange,14718.494909514295,120,122.65412424595246
50,1.25,Yellow_vs_Orange,14718.494909514295,120,122.65412424595246
100,1.25,Yellow_vs_Orange,14718.494909514295,120,122.65412424595246
0,1.5,Yellow_vs_Orange,14762.59204584009,147,100.4257962302047
50,1.5,Yellow_vs_Orange,14762.59204584009,147,100.4257962302047
100,1.5,Yellow_vs_Orange,14762.59204584009,147,100.4257962302047
0,1,Yellow_vs_Pale Green,5136.666941333869,101,50.858088528058104
50,1,Yellow_vs_Pale Green,5136.666941333869,101,50.858088528058104
100,1,Yellow_vs_Pale Green,5136.666941333869,101,50.858088528058104
0,1.25,Yellow_vs_Pale Green,5190.098202019685,105,49.429506685901764
50,1.25,Yellow_vs_Pale Green,5190.098202019685,105,49.429506685901764
100,1.25,Yellow_vs_Pale Green,5190.098202019685,105,49.429506685901764
0,1.5,Yellow_vs_Pale Green,5144.504327132886,105,48.995279306027484
50,1.5,Yellow_vs_Pale Green,5144.504327132886,105,48.995279306027484
100,1.5,Yellow_vs_Pale Green,5144.504327132886,105,48.995279306027484
0,1,Pale Blue_vs_Green,5157.0131921990405,72,71.62518322498667
50,1,Pale Blue_vs_Green,5157.0131921990405,72,71.62518322498667
100,1,Pale Blue_vs_Green,5157.0131921990405,72,71.62518322498667
0,1.25,Pale Blue_vs_Green,5173.332348773663,72,71.85183817741199
50,1.25,Pale Blue_vs_Green,5173.332348773663,72,71.85183817741199
100,1.25,Pale Blue_vs_Green,5173.332348773663,72,71.85183817741199
0,1.5,Pale Blue_vs_Green,5569.829550694143,74,75.2679669012722
50,1.5,Pale Blue_vs_Green,5569.829550694143,74,75.2679669012722
100,1.5,Pale Blue_vs_Green,5569.829550694143,74,75.2679669012722
0,1,Pale Blue_vs_Dark Pink,2305.27386093899,133,17.332886172473607
50,1,Pale Blue_vs_Dark Pink,2305.27386093899,133,17.332886172473607
100,1,Pale Blue_vs_Dark Pink,2305.27386093899,133,17.332886172473607
0,1.25,Pale Blue_vs_Dark Pink,2290.7759331472416,134,17.09534278468091
50,1.25,Pale Blue_vs_Dark Pink,2290.7759331472416,134,17.09534278468091
100,1.25,Pale Blue_vs_Dark Pink,2290.7759331472416,134,17.09534278468091
0,1.5,Pale Blue_vs_Dark Pink,2290.7759331472416,134,17.09534278468091
50,1.5,Pale Blue_vs_Dark Pink,2290.7759331472416,134,17.09534278468091
100,1.5,Pale Blue_vs_Dark Pink,2290.7759331472416,134,17.09534278468091
0,1,Pale Blue_vs_Orange,7551.49544403841,106,71.24052305696613
50,1,Pale Blue_vs_Orange,7551.49544403841,106,71.24052305696613
100,1,Pale Blue_vs_Orange,7551.49544403841,106,71.24052305696613
0,1.25,Pale Blue_vs_Orange,7662.084046808889,109,70.29434905329256
50,1.25,Pale Blue_vs_Orange,7662.084046808889,109,70.29434905329256
100,1.25,Pale Blue_vs_Orange,7662.084046808889,109,70.29434905329256
0,1.5,Pale Blue_vs_Orange,7649.262023219449,113,67.69258427627831
50,1.5,Pale Blue_vs_Orange,7649.262023219449,113,67.69258427627831
100,1.5,Pale Blue_vs_Orange,7649.262023219449,113,67.69258427627831
0,1,Pale Blue_vs_Pale Green,2446.000220447878,56,43.678575365140674
50,1,Pale Blue_vs_Pale Green,2446.000220447878,56,43.678575365140674
100,1,Pale Blue_vs_Pale Green,2446.000220447878,56,43.678575365140674
0,1.25,Pale Blue_vs_Pale Green,2533.3228618482494,58,43.67798037669395
50,1.25,Pale Blue_vs_Pale Green,2533.3228618482494,58,43.67798037669395
100,1.25,Pale Blue_vs_Pale Green,2533.3228618482494,58,43.67798037669395
0,1.5,Pale Blue_vs_Pale Green,2678.603635242313,65,41.20928669603558
50,1.5,Pale Blue_vs_Pale Green,2678.603635242313,65,41.20928669603558
100,1.5,Pale Blue_vs_Pale Green,2678.603635242313,65,41.20928669603558
0,1,Green_vs_Dark Pink,2505.1619949002343,115,21.78401734695856
50,1,Green_vs_Dark Pink,2505.1619949002343,115,21.78401734695856
100,1,Green_vs_Dark Pink,2505.1619949002343,115,21.78401734695856
0,1.25,Green_vs_Dark Pink,2460.7016469134087,112,21.97055041886972
50,1.25,Green_vs_Dark Pink,2460.7016469134087,112,21.97055041886972
100,1.25,Green_vs_Dark Pink,2460.7016469134087,112,21.97055041886972
0,1.5,Green_vs_Dark Pink,2565.5471271942474,119,21.55921955625418
50,1.5,Green_vs_Dark Pink,2565.5471271942474,119,21.55921955625418
100,1.5,Green_vs_Dark Pink,2565.5471271942474,119,21.55921955625418
0,1,Green_vs_Orange,10173.955082856033,126,80.74567526076217
50,1,Green_vs_Orange,10173.955082856033,126,80.74567526076217
100,1,Green_vs_Orange,10173.955082856033,126,80.74567526076217
0,1.25,Green_vs_Orange,10173.955082856033,126,80.74567526076217
50,1.25,Green_vs_Orange,10173.955082856033,126,80.74567526076217
100,1.25,Green_vs_Orange,10173.955082856033,126,80.74567526076217
0,1.5,Green_vs_Orange,10694.955192470547,156,68.5574050799394
50,1.5,Green_vs_Orange,10694.955192470547,156,68.5574050799394
100,1.5,Green_vs_Orange,10694.955192470547,156,68.5574050799394
0,1,Green_vs_Pale Green,2441.591101894793,73,33.4464534506136
50,1,Green_vs_Pale Green,2441.591101894793,73,33.4464534506136
100,1,Green_vs_Pale Green,2441.591101894793,73,33.4464534506136
0,1.25,Green_vs_Pale Green,2651.245333354983,84,31.562444444702177
50,1.25,Green_vs_Pale Green,2651.245333354983,84,31.562444444702177
100,1.25,Green_vs_Pale Green,2651.245333354983,84,31.562444444702177
0,1.5,Green_vs_Pale Green,2873.2740608558306,97,29.621382070678667
50,1.5,Green_vs_Pale Green,2873.2740608558306,97,29.621382070678667
100,1.5,Green_vs_Pale Green,2873.2740608558306,97,29.621382070678667
0,1,Dark Pink_vs_Orange,3687.8003461641847,138,26.72319091423322
50,1,Dark Pink_vs_Orange,3687.8003461641847,138,26.72319091423322
100,1,Dark Pink_vs_Orange,3687.8003461641847,138,26.72319091423322
0,1.25,Dark Pink_vs_Orange,3809.6668670898525,146,26.09360867869762
50,1.25,Dark Pink_vs_Orange,3809.6668670898525,146,26.09360867869762
100,1.25,Dark Pink_vs_Orange,3809.6668670898525,146,26.09360867869762
0,1.5,Dark Pink_vs_Orange,3858.2720090023063,155,24.892077477434235
50,1.5,Dark Pink_vs_Orange,3858.2720090023063,155,24.892077477434235
100,1.5,Dark Pink_vs_Orange,3858.2720090023063,155,24.892077477434235
0,1,Dark Pink_vs_Pale Green,2181.2865690152285,133,16.400650894851342
50,1,Dark Pink_vs_Pale Green,2181.2865690152285,133,16.400650894851342
100,1,Dark Pink_vs_Pale Green,2181.2865690152285,133,16.400650894851342
0,1.25,Dark Pink_vs_Pale Green,2137.3141232373187,151,14.154398167134561
50,1.25,Dark Pink_vs_Pale Green,2137.3141232373187,151,14.154398167134561
100,1.25,Dark Pink_vs_Pale Green,2137.3141232373187,151,14.154398167134561
0,1.5,Dark Pink_vs_Pale Green,2184.830973822327,154,14.187214115729397
50,1.5,Dark Pink_vs_Pale Green,2184.830973822327,154,14.187214115729397
100,1.5,Dark Pink_vs_Pale Green,2184.830973822327,154,14.187214115729397
0,1,Orange_vs_Pale Green,4297.7386050602145,106,40.54470382132278
50,1,Orange_vs_Pale Green,4297.7386050602145,106,40.54470382132278
100,1,Orange_vs_Pale Green,4297.7386050602145,106,40.54470382132278
0,1.25,Orange_vs_Pale Green,4405.771410738304,104,42.363186641714464
50,1.25,Orange_vs_Pale Green,4405.771410738304,104,42.363186641714464
100,1.25,Orange_vs_Pale Green,4405.771410738304,104,42.363186641714464
0,1.5,Orange_vs_Pale Green,4699.614110516673,124,37.90011379448929
50,1.5,Orange_vs_Pale Green,4699.614110516673,124,37.90011379448929
100,1.5,Orange_vs_Pale Green,4699.614110516673,124,37.90011379448929
0,1,Blue_vs_Pink,11412.51143784094,110,103.75010398037217
50,1,Blue_vs_Pink,11412.51143784094,110,103.75010398037217
100,1,Blue_vs_Pink,11412.51143784094,110,103.75010398037217
0,1.25,Blue_vs_Pink,10692.00185416113,107,99.92525097346851
50,1.25,Blue_vs_Pink,10692.00185416113,107,99.92525097346851
100,1.25,Blue_vs_Pink,10692.00185416113,107,99.92525097346851
0,1.5,Blue_vs_Pink,10743.22265170424,115,93.41932740612383
50,1.5,Blue_vs_Pink,10743.22265170424,115,93.41932740612383
100,1.5,Blue_vs_Pink,10743.22265170424,115,93.41932740612383
0,1,Blue_vs_Turquoise,2794.1165875960155,62,45.066396574129286
50,1,Blue_vs_Turquoise,2794.1165875960155,62,45.066396574129286
100,1,Blue_vs_Turquoise,2794.1165875960155,62,45.066396574129286
0,1.25,Blue_vs_Turquoise,2719.4499231956906,73,37.25273867391357
50,1.25,Blue_vs_Turquoise,2719.4499231956906,73,37.25273867391357
100,1.25,Blue_vs_Turquoise,2719.4499231956906,73,37.25273867391357
0,1.5,Blue_vs_Turquoise,2719.4499231956906,73,37.25273867391357
50,1.5,Blue_vs_Turquoise,2719.4499231956906,73,37.25273867391357
100,1.5,Blue_vs_Turquoise,2719.4499231956906,73,37.25273867391357
0,1,Blue_vs_White,7432.891752697355,128,58.06946681794808
50,1,Blue_vs_White,7432.891752697355,128,58.06946681794808
100,1,Blue_vs_White,7432.891752697355,128,58.06946681794808
0,1.25,Blue_vs_White,7291.402185354737,142,51.347902713765755
50,1.25,Blue_vs_White,7291.402185354737,142,51.347902713765755
100,1.25,Blue_vs_White,7291.402185354737,142,51.347902713765755
0,1.5,Blue_vs_White,7742.043192952528,162,47.79039007995388
50,1.5,Blue_vs_White,7742.043192952528,162,47.79039007995388
100,1.5,Blue_vs_White,7742.043192952528,162,47.79039007995388
0,1,Blue_vs_Yellow,13390.036232219283,127,105.43335615920695
50,1,Blue_vs_Yellow,13390.036232219283,127,105.43335615920695
100,1,Blue_vs_Yellow,13390.036232219283,127,105.43335615920695
0,1.25,Blue_vs_Yellow,13130.44616508846,124,105.89069487974565
50,1.25,Blue_vs_Yellow,13130.44616508846,124,105.89069487974565
100,1.25,Blue_vs_Yellow,13130.44616508846,124,105.89069487974565
0,1.5,Blue_vs_Yellow,14334.775029756247,158,90.72642423896359
50,1.5,Blue_vs_Yellow,14334.775029756247,158,90.72642423896359
100,1.5,Blue_vs_Yellow,14334.775029756247,158,90.72642423896359
0,1,Blue_vs_Pale Blue,5148.954184943898,75,68.65272246591864
50,1,Blue_vs_Pale Blue,5148.954184943898,75,68.65272246591864
100,1,Blue_vs_Pale Blue,5148.954184943898,75,68.65272246591864
0,1.25,Blue_vs_Pale Blue,5180.942417294562,80,64.76178021618202
50,1.25,Blue_vs_Pale Blue,5180.942417294562,80,64.76178021618202
100,1.25,Blue_vs_Pale Blue,5180.942417294562,80,64.76178021618202
0,1.5,Blue_vs_Pale Blue,5203.011524681848,86,60.50013400792846
50,1.5,Blue_vs_Pale Blue,5203.011524681848,86,60.50013400792846
100,1.5,Blue_vs_Pale Blue,5203.011524681848,86,60.50013400792846
0,1,Blue_vs_Green,5824.162162162564,110,52.94692874693239
50,1,Blue_vs_Green,5824.162162162564,110,52.94692874693239
100,1,Blue_vs_Green,5824.162162162564,110,52.94692874693239
0,1.25,Blue_vs_Green,6161.138793225893,130,47.39337533250687
50,1.25,Blue_vs_Green,6161.138793225893,130,47.39337533250687
100,1.25,Blue_vs_Green,6161.138793225893,130,47.39337533250687
0,1.5,Blue_vs_Green,5874.977891470801,142,41.37308374275212
50,1.5,Blue_vs_Green,5874.977891470801,142,41.37308374275212
100,1.5,Blue_vs_Green,5874.977891470801,142,41.37308374275212
0,1,Blue_vs_Dark Pink,2609.050772330664,143,18.24511029601863
50,1,Blue_vs_Dark Pink,2609.050772330664,143,18.24511029601863
100,1,Blue_vs_Dark Pink,2609.050772330664,143,18.24511029601863
0,1.25,Blue_vs_Dark Pink,2567.138296386403,111,23.127372039517144
50,1.25,Blue_vs_Dark Pink,2567.138296386403,111,23.127372039517144
100,1.25,Blue_vs_Dark Pink,2567.138296386403,111,23.127372039517144
0,1.5,Blue_vs_Dark Pink,2242.302371027373,129,17.382188922692812
50,1.5,Blue_vs_Dark Pink,2242.302371027373,129,17.382188922692812
100,1.5,Blue_vs_Dark Pink,2242.302371027373,129,17.382188922692812
0,1,Blue_vs_Orange,10708.16913959314,104,102.96316480378019
50,1,Blue_vs_Orange,10708.16913959314,104,102.96316480378019
100,1,Blue_vs_Orange,10708.16913959314,104,102.96316480378019
0,1.25,Blue_vs_Orange,10708.16913959314,104,102.96316480378019
50,1.25,Blue_vs_Orange,10708.16913959314,104,102.96316480378019
100,1.25,Blue_vs_Orange,10708.16913959314,104,102.96316480378019
0,1.5,Blue_vs_Orange,10708.16913959314,104,102.96316480378019
50,1.5,Blue_vs_Orange,10708.16913959314,104,102.96316480378019
100,1.5,Blue_vs_Orange,10708.16913959314,104,102.96316480378019
0,1,Blue_vs_Pale Green,2415.049362865854,64,37.73514629477897
50,1,Blue_vs_Pale Green,2415.049362865854,64,37.73514629477897
100,1,Blue_vs_Pale Green,2415.049362865854,64,37.73514629477897
0,1.25,Blue_vs_Pale Green,2206.813236201345,58,38.04850407243698
50,1.25,Blue_vs_Pale Green,2206.813236201345,58,38.04850407243698
100,1.25,Blue_vs_Pale Green,2206.813236201345,58,38.04850407243698
0,1.5,Blue_vs_Pale Green,2261.921349250445,70,32.313162132149216
50,1.5,Blue_vs_Pale Green,2261.921349250445,70,32.313162132149216
100,1.5,Blue_vs_Pale Green,2261.921349250445,70,32.313162132149216
0,1,Pink_vs_Turquoise,4344.3665593320275,90,48.27073954813364
50,1,Pink_vs_Turquoise,4344.3665593320275,90,48.27073954813364
100,1,Pink_vs_Turquoise,4344.3665593320275,90,48.27073954813364
0,1.25,Pink_vs_Turquoise,4668.863012525904,122,38.26936895513036
50,1.25,Pink_vs_Turquoise,4668.863012525904,122,38.26936895513036
100,1.25,Pink_vs_Turquoise,4668.863012525904,122,38.26936895513036
0,1.5,Pink_vs_Turquoise,4955.627153832623,134,36.98229219278077
50,1.5,Pink_vs_Turquoise,4955.627153832623,134,36.98229219278077
100,1.5,Pink_vs_Turquoise,4955.627153832623,134,36.98229219278077
0,1,Pink_vs_White,8806.790894031208,138,63.817325319066725
50,1,Pink_vs_White,8806.790894031208,138,63.817325319066725
100,1,Pink_vs_White,8806.790894031208,138,63.817325319066725
0,1.25,Pink_vs_White,8567.889467780424,122,70.2286021949215
50,1.25,Pink_vs_White,8567.889467780424,122,70.2286021949215
100,1.25,Pink_vs_White,8567.889467780424,122,70.2286021949215
0,1.5,Pink_vs_White,9858.885964850533,172,57.319104446805426
50,1.5,Pink_vs_White,9858.885964850533,172,57.319104446805426
100,1.5,Pink_vs_White,9858.885964850533,172,57.319104446805426
0,1,Pink_vs_Yellow,22770.563045196253,147,154.90178942310376
50,1,Pink_vs_Yellow,22770.563045196253,147,154.90178942310376
100,1,Pink_vs_Yellow,22770.563045196253,147,154.90178942310376
0,1.25,Pink_vs_Yellow,22295.04993789304,136,163.93419071980176
50,1.25,Pink_vs_Yellow,22295.04993789304,136,163.93419071980176
100,1.25,Pink_vs_Yellow,22295.04993789304,136,163.93419071980176
0,1.5,Pink_vs_Yellow,22145.977329096582,140,158.18555235068987
50,1.5,Pink_vs_Yellow,22145.977329096582,140,158.18555235068987
100,1.5,Pink_vs_Yellow,22145.977329096582,140,158.18555235068987
0,1,Pink_vs_Pale Blue,7693.760225840341,102,75.42902182196413
50,1,Pink_vs_Pale Blue,7693.760225840341,102,75.42902182196413
100,1,Pink_vs_Pale Blue,7693.760225840341,102,75.42902182196413
0,1.25,Pink_vs_Pale Blue,8705.540085219234,109,79.86734023136913
50,1.25,Pink_vs_Pale Blue,8705.540085219234,109,79.86734023136913
100,1.25,Pink_vs_Pale Blue,8705.540085219234,109,79.86734023136913
0,1.5,Pink_vs_Pale Blue,7848.466637527472,124,63.29408578651187
50,1.5,Pink_vs_Pale Blue,7848.466637527472,124,63.29408578651187
100,1.5,Pink_vs_Pale Blue,7848.466637527472,124,63.29408578651187
0,1,Pink_vs_Green,11121.211200755371,144,77.23063333857897
50,1,Pink_vs_Green,11121.211200755371,144,77.23063333857897
100,1,Pink_vs_Green,11121.211200755371,144,77.23063333857897
0,1.25,Pink_vs_Green,10564.86769008117,159,66.44570874264886
50,1.25,Pink_vs_Green,10564.86769008117,159,66.44570874264886
100,1.25,Pink_vs_Green,10564.86769008117,159,66.44570874264886
0,1.5,Pink_vs_Green,10541.22829244996,136,77.50903156213205
50,1.5,Pink_vs_Green,10541.22829244996,136,77.50903156213205
100,1.5,Pink_vs_Green,10541.22829244996,136,77.50903156213205
0,1,Pink_vs_Dark Pink,2708.123821215534,95,28.506566539110885
50,1,Pink_vs_Dark Pink,2708.123821215534,95,28.506566539110885
100,1,Pink_vs_Dark Pink,2708.123821215534,95,28.506566539110885
0,1.25,Pink_vs_Dark Pink,2708.123821215534,95,28.506566539110885
50,1.25,Pink_vs_Dark Pink,2708.123821215534,95,28.506566539110885
100,1.25,Pink_vs_Dark Pink,2708.123821215534,95,28.506566539110885
0,1.5,Pink_vs_Dark Pink,2899.2520860659406,113,25.657098106778236
50,1.5,Pink_vs_Dark Pink,2899.2520860659406,113,25.657098106778236
100,1.5,Pink_vs_Dark Pink,2899.2520860659406,113,25.657098106778236
0,1,Pink_vs_Orange,13742.978951165414,127,108.21243268634184
50,1,Pink_vs_Orange,13742.978951165414,127,108.21243268634184
100,1,Pink_vs_Orange,13742.978951165414,127,108.21243268634184
0,1.25,Pink_vs_Orange,14645.925395521246,152,96.35477233895557
50,1.25,Pink_vs_Orange,14645.925395521246,152,96.35477233895557
100,1.25,Pink_vs_Orange,14645.925395521246,152,96.35477233895557
0,1.5,Pink_vs_Orange,14845.129162092659,170,87.32428918878034
50,1.5,Pink_vs_Orange,14845.129162092659,170,87.32428918878034
100,1.5,Pink_vs_Orange,14845.129162092659,170,87.32428918878034
0,1,Pink_vs_Pale Green,5050.352740071937,141,35.81810453951728
50,1,Pink_vs_Pale Green,5050.352740071937,141,35.81810453951728
100,1,Pink_vs_Pale Green,5050.352740071937,141,35.81810453951728
0,1.25,Pink_vs_Pale Green,5787.386864312363,188,30.78397268251257
50,1.25,Pink_vs_Pale Green,5787.386864312363,188,30.78397268251257
100,1.25,Pink_vs_Pale Green,5787.386864312363,188,30.78397268251257
0,1.5,Pink_vs_Pale Green,5600.882042297862,169,33.14131385975067
50,1.5,Pink_vs_Pale Green,5600.882042297862,169,33.14131385975067
100,1.5,Pink_vs_Pale Green,5600.882042297862,169,33.14131385975067
0,1,Turquoise_vs_White,5956.426719603999,155,38.42855948131612
50,1,Turquoise_vs_White,5956.426719603999,155,38.42855948131612
100,1,Turquoise_vs_White,5956.426719603999,155,38.42855948131612
0,1.25,Turquoise_vs_White,5608.75953071529,132,42.49060250541886
50,1.25,Turquoise_vs_White,5608.75953071529,132,42.49060250541886
100,1.25,Turquoise_vs_White,5608.75953071529,132,42.49060250541886
0,1.5,Turquoise_vs_White,5652.120589084073,145,38.98014199368326
50,1.5,Turquoise_vs_White,5652.120589084073,145,38.98014199368326
100,1.5,Turquoise_vs_White,5652.120589084073,145,38.98014199368326
0,1,Turquoise_vs_Yellow,4960.002579121706,112,44.28573731358666
50,1,Turquoise_vs_Yellow,4960.002579121706,112,44.28573731358666
100,1,Turquoise_vs_Yellow,4960.002579121706,112,44.28573731358666
0,1.25,Turquoise_vs_Yellow,4960.002579121706,112,44.28573731358666
50,1.25,Turquoise_vs_Yellow,4960.002579121706,112,44.28573731358666
100,1.25,Turquoise_vs_Yellow,4960.002579121706,112,44.28573731358666
0,1.5,Turquoise_vs_Yellow,5572.258418555084,158,35.26745834528534
50,1.5,Turquoise_vs_Yellow,5572.258418555084,158,35.26745834528534
100,1.5,Turquoise_vs_Yellow,5572.258418555084,158,35.26745834528534
0,1,Turquoise_vs_Pale Blue,3163.345469068265,75,42.177939587576866
50,1,Turquoise_vs_Pale Blue,3163.345469068265,75,42.177939587576866
100,1,Turquoise_vs_Pale Blue,3163.345469068265,75,42.177939587576866
0,1.25,Turquoise_vs_Pale Blue,3163.345469068265,75,42.177939587576866
50,1.25,Turquoise_vs_Pale Blue,3163.345469068265,75,42.177939587576866
100,1.25,Turquoise_vs_Pale Blue,3163.345469068265,75,42.177939587576866
0,1.5,Turquoise_vs_Pale Blue,3376.471871031098,91,37.10408649484723
50,1.5,Turquoise_vs_Pale Blue,3376.471871031098,91,37.10408649484723
100,1.5,Turquoise_vs_Pale Blue,3376.471871031098,91,37.10408649484723
0,1,Turquoise_vs_Green,3869.0044091126683,108,35.82411489919137
50,1,Turquoise_vs_Green,3869.0044091126683,108,35.82411489919137
100,1,Turquoise_vs_Green,3869.0044091126683,108,35.82411489919137
0,1.25,Turquoise_vs_Green,3695.8543224678515,93,39.7403690587941
50,1.25,Turquoise_vs_Green,3695.8543224678515,93,39.7403690587941
100,1.25,Turquoise_vs_Green,3695.8543224678515,93,39.7403690587941
0,1.5,Turquoise_vs_Green,4610.591661261626,121,38.10406331621178
50,1.5,Turquoise_vs_Green,4610.591661261626,121,38.10406331621178
100,1.5,Turquoise_vs_Green,4610.591661261626,121,38.10406331621178
0,1,Turquoise_vs_Dark Pink,3191.242977371999,113,28.241088295327426
50,1,Turquoise_vs_Dark Pink,3191.242977371999,113,28.241088295327426
100,1,Turquoise_vs_Dark Pink,3191.242977371999,113,28.241088295327426
0,1.25,Turquoise_vs_Dark Pink,3298.9908269537523,110,29.990825699579567
50,1.25,Turquoise_vs_Dark Pink,3298.9908269537523,110,29.990825699579567
100,1.25,Turquoise_vs_Dark Pink,3298.9908269537523,110,29.990825699579567
0,1.5,Turquoise_vs_Dark Pink,3711.7651139938694,154,24.10237087009006
50,1.5,Turquoise_vs_Dark Pink,3711.7651139938694,154,24.10237087009006
100,1.5,Turquoise_vs_Dark Pink,3711.7651139938694,154,24.10237087009006
0,1,Turquoise_vs_Orange,4228.313240454511,82,51.56479561529892
50,1,Turquoise_vs_Orange,4228.313240454511,82,51.56479561529892
100,1,Turquoise_vs_Orange,4228.313240454511,82,51.56479561529892
0,1.25,Turquoise_vs_Orange,4788.168670455582,104,46.04008336976521
50,1.25,Turquoise_vs_Orange,4788.168670455582,104,46.04008336976521
100,1.25,Turquoise_vs_Orange,4788.168670455582,104,46.04008336976521
0,1.5,Turquoise_vs_Orange,4046.9443581510563,83,48.7583657608561
50,1.5,Turquoise_vs_Orange,4046.9443581510563,83,48.7583657608561
100,1.5,Turquoise_vs_Orange,4046.9443581510563,83,48.7583657608561
0,1,Turquoise_vs_Pale Green,2912.760903125855,75,38.836812041678066
50,1,Turquoise_vs_Pale Green,2912.760903125855,75,38.836812041678066
100,1,Turquoise_vs_Pale Green,2912.760903125855,75,38.836812041678066
0,1.25,Turquoise_vs_Pale Green,2936.2677313957597,73,40.22284563555835
50,1.25,Turquoise_vs_Pale Green,2936.2677313957597,73,40.22284563555835
100,1.25,Turquoise_vs_Pale Green,2936.2677313957597,73,40.22284563555835
0,1.5,Turquoise_vs_Pale Green,2470.4390039659356,54,45.74887044381362
50,1.5,Turquoise_vs_Pale Green,2470.4390039659356,54,45.74887044381362
100,1.5,Turquoise_vs_Pale Green,2470.4390039659356,54,45.74887044381362
0,1,White_vs_Yellow,11043.735533498553,163,67.75297873311996
50,1,White_vs_Yellow,11043.735533498553,163,67.75297873311996
100,1,White_vs_Yellow,11043.735533498553,163,67.75297873311996
0,1.25,White_vs_Yellow,11043.735533498553,163,67.75297873311996
50,1.25,White_vs_Yellow,11043.735533498553,163,67.75297873311996
100,1.25,White_vs_Yellow,11043.735533498553,163,67.75297873311996
0,1.5,White_vs_Yellow,11043.735533498553,163,67.75297873311996
50,1.5,White_vs_Yellow,11043.735533498553,163,67.75297873311996
100,1.5,White_vs_Yellow,11043.735533498553,163,67.75297873311996
0,1,White_vs_Pale Blue,6764.314609669333,146,46.33092198403652
50,1,White_vs_Pale Blue,6764.314609669333,146,46.33092198403652
100,1,White_vs_Pale Blue,6764.314609669333,146,46.33092198403652
0,1.25,White_vs_Pale Blue,6185.756924163721,95,65.11323078067075
50,1.25,White_vs_Pale Blue,6185.756924163721,95,65.11323078067075
100,1.25,White_vs_Pale Blue,6185.756924163721,95,65.11323078067075
0,1.5,White_vs_Pale Blue,6168.494147573764,96,64.25514737056004
50,1.5,White_vs_Pale Blue,6168.494147573764,96,64.25514737056004
100,1.5,White_vs_Pale Blue,6168.494147573764,96,64.25514737056004
0,1,White_vs_Green,7182.083007913603,103,69.72896124187965
50,1,White_vs_Green,7182.083007913603,103,69.72896124187965
100,1,White_vs_Green,7182.083007913603,103,69.72896124187965
0,1.25,White_vs_Green,7389.160297273594,120,61.57633581061328
50,1.25,White_vs_Green,7389.160297273594,120,61.57633581061328
100,1.25,White_vs_Green,7389.160297273594,120,61.57633581061328
0,1.5,White_vs_Green,7950.73220621465,151,52.6538556702957
50,1.5,White_vs_Green,7950.73220621465,151,52.6538556702957
100,1.5,White_vs_Green,7950.73220621465,151,52.6538556702957
0,1,White_vs_Dark Pink,3417.062185064715,131,26.08444416079935
50,1,White_vs_Dark Pink,3417.062185064715,131,26.08444416079935
100,1,White_vs_Dark Pink,3417.062185064715,131,26.08444416079935
0,1.25,White_vs_Dark Pink,3417.062185064715,131,26.08444416079935
50,1.25,White_vs_Dark Pink,3417.062185064715,131,26.08444416079935
100,1.25,White_vs_Dark Pink,3417.062185064715,131,26.08444416079935
0,1.5,White_vs_Dark Pink,3787.0719467636563,156,24.27610222284395
50,1.5,White_vs_Dark Pink,3787.0719467636563,156,24.27610222284395
100,1.5,White_vs_Dark Pink,3787.0719467636563,156,24.27610222284395
0,1,White_vs_Orange,8651.36865513454,129,67.0648732956166
50,1,White_vs_Orange,8651.36865513454,129,67.0648732956166
100,1,White_vs_Orange,8651.36865513454,129,67.0648732956166
0,1.25,White_vs_Orange,8651.36865513454,129,67.0648732956166
50,1.25,White_vs_Orange,8651.36865513454,129,67.0648732956166
100,1.25,White_vs_Orange,8651.36865513454,129,67.0648732956166
0,1.5,White_vs_Orange,8651.36865513454,129,67.0648732956166
50,1.5,White_vs_Orange,8651.36865513454,129,67.0648732956166
100,1.5,White_vs_Orange,8651.36865513454,129,67.0648732956166
0,1,White_vs_Pale Green,4587.286831437753,93,49.32566485416939
50,1,White_vs_Pale Green,4587.286831437753,93,49.32566485416939
100,1,White_vs_Pale Green,4587.286831437753,93,49.32566485416939
0,1.25,White_vs_Pale Green,4396.333857067082,90,48.848153967412024
50,1.25,White_vs_Pale Green,4396.333857067082,90,48.848153967412024
100,1.25,White_vs_Pale Green,4396.333857067082,90,48.848153967412024
0,1.5,White_vs_Pale Green,4811.774150125776,118,40.7777470349642
50,1.5,White_vs_Pale Green,4811.774150125776,118,40.7777470349642
100,1.5,White_vs_Pale Green,4811.774150125776,118,40.7777470349642
0,1,Yellow_vs_Pale Blue,9491.154047855889,132,71.90268218072643
50,1,Yellow_vs_Pale Blue,9491.154047855889,132,71.90268218072643
100,1,Yellow_vs_Pale Blue,9491.154047855889,132,71.90268218072643
0,1.25,Yellow_vs_Pale Blue,9577.663579906883,130,73.67433523005295
50,1.25,Yellow_vs_Pale Blue,9577.663579906883,130,73.67433523005295
100,1.25,Yellow_vs_Pale Blue,9577.663579906883,130,73.67433523005295
0,1.5,Yellow_vs_Pale Blue,9338.11347944108,130,71.83164214954677
50,1.5,Yellow_vs_Pale Blue,9338.11347944108,130,71.83164214954677
100,1.5,Yellow_vs_Pale Blue,9338.11347944108,130,71.83164214954677
0,1,Yellow_vs_Green,11674.585921097352,133,87.77884151201016
50,1,Yellow_vs_Green,11674.585921097352,133,87.77884151201016
100,1,Yellow_vs_Green,11674.585921097352,133,87.77884151201016
0,1.25,Yellow_vs_Green,11919.43858042484,165,72.23902169954448
50,1.25,Yellow_vs_Green,11919.43858042484,165,72.23902169954448
100,1.25,Yellow_vs_Green,11919.43858042484,165,72.23902169954448
0,1.5,Yellow_vs_Green,11998.452853209084,157,76.42326658094959
50,1.5,Yellow_vs_Green,11998.452853209084,157,76.42326658094959
100,1.5,Yellow_vs_Green,11998.452853209084,157,76.42326658094959
0,1,Yellow_vs_Dark Pink,4347.796308831081,169,25.726605377698704
50,1,Yellow_vs_Dark Pink,4347.796308831081,169,25.726605377698704
100,1,Yellow_vs_Dark Pink,4347.796308831081,169,25.726605377698704
0,1.25,Yellow_vs_Dark Pink,4347.796308831081,169,25.726605377698704
50,1.25,Yellow_vs_Dark Pink,4347.796308831081,169,25.726605377698704
100,1.25,Yellow_vs_Dark Pink,4347.796308831081,169,25.726605377698704
0,1.5,Yellow_vs_Dark Pink,3932.830792206259,148,26.57318102842067
50,1.5,Yellow_vs_Dark Pink,3932.830792206259,148,26.57318102842067
100,1.5,Yellow_vs_Dark Pink,3932.830792206259,148,26.57318102842067
0,1,Yellow_vs_Orange,15140.138149854902,121,125.12510867648679
50,1,Yellow_vs_Orange,15140.138149854902,121,125.12510867648679
100,1,Yellow_vs_Orange,15140.138149854902,121,125.12510867648679
0,1.25,Yellow_vs_Orange,15140.138149854902,121,125.12510867648679
50,1.25,Yellow_vs_Orange,15140.138149854902,121,125.12510867648679
100,1.25,Yellow_vs_Orange,15140.138149854902,121,125.12510867648679
0,1.5,Yellow_vs_Orange,15140.138149854902,121,125.12510867648679
50,1.5,Yellow_vs_Orange,15140.138149854902,121,125.12510867648679
100,1.5,Yellow_vs_Orange,15140.138149854902,121,125.12510867648679
0,1,Yellow_vs_Pale Green,5164.890960723951,107,48.27000897872851
50,1,Yellow_vs_Pale Green,5164.890960723951,107,48.27000897872851
100,1,Yellow_vs_Pale Green,5164.890960723951,107,48.27000897872851
0,1.25,Yellow_vs_Pale Green,5403.034831041575,131,41.24454069497385
50,1.25,Yellow_vs_Pale Green,5403.034831041575,131,41.24454069497385
100,1.25,Yellow_vs_Pale Green,5403.034831041575,131,41.24454069497385
0,1.5,Yellow_vs_Pale Green,5214.851458989377,116,44.95561602577049
50,1.5,Yellow_vs_Pale Green,5214.851458989377,116,44.95561602577049
100,1.5,Yellow_vs_Pale Green,5214.851458989377,116,44.95561602577049
0,1,Pale Blue_vs_Green,4918.1817033620355,74,66.46191491029778
50,1,Pale Blue_vs_Green,4918.1817033620355,74,66.46191491029778
100,1,Pale Blue_vs_Green,4918.1817033620355,74,66.46191491029778
0,1.25,Pale Blue_vs_Green,5151.834377690608,70,73.59763396700868
50,1.25,Pale Blue_vs_Green,5151.834377690608,70,73.59763396700868
100,1.25,Pale Blue_vs_Green,5151.834377690608,70,73.59763396700868
0,1.5,Pale Blue_vs_Green,5542.545511060104,73,75.92528097342608
50,1.5,Pale Blue_vs_Green,5542.545511060104,73,75.92528097342608
100,1.5,Pale Blue_vs_Green,5542.545511060104,73,75.92528097342608
0,1,Pale Blue_vs_Dark Pink,1924.168070492532,91,21.144704071346506
50,1,Pale Blue_vs_Dark Pink,1924.168070492532,91,21.144704071346506
100,1,Pale Blue_vs_Dark Pink,1924.168070492532,91,21.144704071346506
0,1.25,Pale Blue_vs_Dark Pink,1924.168070492532,91,21.144704071346506
50,1.25,Pale Blue_vs_Dark Pink,1924.168070492532,91,21.144704071346506
100,1.25,Pale Blue_vs_Dark Pink,1924.168070492532,91,21.144704071346506
0,1.5,Pale Blue_vs_Dark Pink,2004.2265311995745,102,19.649279717642887
50,1.5,Pale Blue_vs_Dark Pink,2004.2265311995745,102,19.649279717642887
100,1.5,Pale Blue_vs_Dark Pink,2004.2265311995745,102,19.649279717642887
0,1,Pale Blue_vs_Orange,7456.282365596513,97,76.86889036697436
50,1,Pale Blue_vs_Orange,7456.282365596513,97,76.86889036697436
100,1,Pale Blue_vs_Orange,7456.282365596513,97,76.86889036697436
0,1.25,Pale Blue_vs_Orange,7163.469816060988,90,79.5941090673443
50,1.25,Pale Blue_vs_Orange,7163.469816060988,90,79.5941090673443
100,1.25,Pale Blue_vs_Orange,7163.469816060988,90,79.5941090673443
0,1.5,Pale Blue_vs_Orange,7672.273713678225,113,67.89622755467455
50,1.5,Pale Blue_vs_Orange,7672.273713678225,113,67.89622755467455
100,1.5,Pale Blue_vs_Orange,7672.273713678225,113,67.89622755467455
0,1,Pale Blue_vs_Pale Green,2433.6524228629996,69,35.27032496902898
50,1,Pale Blue_vs_Pale Green,2433.6524228629996,69,35.27032496902898
100,1,Pale Blue_vs_Pale Green,2433.6524228629996,69,35.27032496902898
0,1.25,Pale Blue_vs_Pale Green,2433.6524228629996,69,35.27032496902898
50,1.25,Pale Blue_vs_Pale Green,2433.6524228629996,69,35.27032496902898
100,1.25,Pale Blue_vs_Pale Green,2433.6524228629996,69,35.27032496902898
0,1.5,Pale Blue_vs_Pale Green,2433.6524228629996,69,35.27032496902898
50,1.5,Pale Blue_vs_Pale Green,2433.6524228629996,69,35.27032496902898
100,1.5,Pale Blue_vs_Pale Green,2433.6524228629996,69,35.27032496902898
0,1,Green_vs_Dark Pink,2523.085550524407,109,23.147573858022085
50,1,Green_vs_Dark Pink,2523.085550524407,109,23.147573858022085
100,1,Green_vs_Dark Pink,2523.085550524407,109,23.147573858022085
0,1.25,Green_vs_Dark Pink,2603.345839932428,111,23.45356612551737
50,1.25,Green_vs_Dark Pink,2603.345839932428,111,23.45356612551737
100,1.25,Green_vs_Dark Pink,2603.345839932428,111,23.45356612551737
0,1.5,Green_vs_Dark Pink,2438.738512479639,104,23.449408773842684
50,1.5,Green_vs_Dark Pink,2438.738512479639,104,23.449408773842684
100,1.5,Green_vs_Dark Pink,2438.738512479639,104,23.449408773842684
0,1,Green_vs_Orange,10368.12778143978,124,83.61393372128855
50,1,Green_vs_Orange,10368.12778143978,124,83.61393372128855
100,1,Green_vs_Orange,10368.12778143978,124,83.61393372128855
0,1.25,Green_vs_Orange,10368.12778143978,124,83.61393372128855
50,1.25,Green_vs_Orange,10368.12778143978,124,83.61393372128855
100,1.25,Green_vs_Orange,10368.12778143978,124,83.61393372128855
0,1.5,Green_vs_Orange,10729.99783541617,154,69.67531061958552
50,1.5,Green_vs_Orange,10729.99783541617,154,69.67531061958552
100,1.5,Green_vs_Orange,10729.99783541617,154,69.67531061958552
0,1,Green_vs_Pale Green,3105.651329901278,126,24.648026427787922
50,1,Green_vs_Pale Green,3105.651329901278,126,24.648026427787922
100,1,Green_vs_Pale Green,3105.651329901278,126,24.648026427787922
0,1.25,Green_vs_Pale Green,2644.271800712549,78,33.900920521955754
50,1.25,Green_vs_Pale Green,2644.271800712549,78,33.900920521955754
100,1.25,Green_vs_Pale Green,2644.271800712549,78,33.900920521955754
0,1.5,Green_vs_Pale Green,2699.486023404475,84,32.1367383738628
50,1.5,Green_vs_Pale Green,2699.486023404475,84,32.1367383738628
100,1.5,Green_vs_Pale Green,2699.486023404475,84,32.1367383738628
0,1,Dark Pink_vs_Orange,3860.6619178477404,149,25.910482670119062
50,1,Dark Pink_vs_Orange,3860.6619178477404,149,25.910482670119062
100,1,Dark Pink_vs_Orange,3860.6619178477404,149,25.910482670119062
0,1.25,Dark Pink_vs_Orange,3860.6619178477404,149,25.910482670119062
50,1.25,Dark Pink_vs_Orange,3860.6619178477404,149,25.910482670119062
100,1.25,Dark Pink_vs_Orange,3860.6619178477404,149,25.910482670119062
0,1.5,Dark Pink_vs_Orange,3760.0665444954657,148,25.405855030374767
50,1.5,Dark Pink_vs_Orange,3760.0665444954657,148,25.405855030374767
100,1.5,Dark Pink_vs_Orange,3760.0665444954657,148,25.405855030374767
0,1,Dark Pink_vs_Pale Green,2168.5072733831917,139,15.600771750958213
50,1,Dark Pink_vs_Pale Green,2168.5072733831917,139,15.600771750958213
100,1,Dark Pink_vs_Pale Green,2168.5072733831917,139,15.600771750958213
0,1.25,Dark Pink_vs_Pale Green,2025.842434517735,122,16.605265856702747
50,1.25,Dark Pink_vs_Pale Green,2025.842434517735,122,16.605265856702747
100,1.25,Dark Pink_vs_Pale Green,2025.842434517735,122,16.605265856702747
0,1.5,Dark Pink_vs_Pale Green,2025.842434517735,122,16.605265856702747
50,1.5,Dark Pink_vs_Pale Green,2025.842434517735,122,16.605265856702747
100,1.5,Dark Pink_vs_Pale Green,2025.842434517735,122,16.605265856702747
0,1,Orange_vs_Pale Green,4472.430226515516,111,40.292164202842486
50,1,Orange_vs_Pale Green,4472.430226515516,111,40.292164202842486
100,1,Orange_vs_Pale Green,4472.430226515516,111,40.292164202842486
0,1.25,Orange_vs_Pale Green,4601.759588532186,110,41.834178077565326
50,1.25,Orange_vs_Pale Green,4601.759588532186,110,41.834178077565326
100,1.25,Orange_vs_Pale Green,4601.759588532186,110,41.834178077565326
0,1.5,Orange_vs_Pale Green,4658.281924029902,127,36.67938522858191
50,1.5,Orange_vs_Pale Green,4658.281924029902,127,36.67938522858191
100,1.5,Orange_vs_Pale Green,4658.281924029902,127,36.67938522858191
